YEAR,MO,DY,HR,T2M;;
2021,1,1,1,5.63;;
2021,1,1,2,5.36;;
2021,1,1,3,5.21;;
2021,1,1,4,5.21;;
2021,1,1,5,5.35;;
2021,1,1,6,5.62;;
2021,1,1,7,5.87;;
2021,1,1,8,6.14;;
2021,1,1,9,6.65;;
2021,1,1,10,7.11;;
2021,1,1,11,7.44;;
2021,1,1,12,7.76;;
2021,1,1,13,8.18;;
2021,1,1,14,8.42;;
2021,1,1,15,8.4;;
2021,1,1,16,8.38;;
2021,1,1,17,8.61;;
2021,1,1,18,8.65;;
2021,1,1,19,8.55;;
2021,1,1,20,8.49;;
2021,1,1,21,8.53;;
2021,1,1,22,8.63;;
2021,1,1,23,9.05;;
2021,1,2,0,9.07;;
2021,1,2,1,8.62;;
2021,1,2,2,8.33;;
2021,1,2,3,8.42;;
2021,1,2,4,8.76;;
2021,1,2,5,8.73;;
2021,1,2,6,8.64;;
2021,1,2,7,8.62;;
2021,1,2,8,8.83;;
2021,1,2,9,9.15;;
2021,1,2,10,9.34;;
2021,1,2,11,9.48;;
2021,1,2,12,9.64;;
2021,1,2,13,9.76;;
2021,1,2,14,9.97;;
2021,1,2,15,10.19;;
2021,1,2,16,10.15;;
2021,1,2,17,10.17;;
2021,1,2,18,10.31;;
2021,1,2,19,10.33;;
2021,1,2,20,10.03;;
2021,1,2,21,9.54;;
2021,1,2,22,9.22;;
2021,1,2,23,8.9;;
2021,1,3,0,8.72;;
2021,1,3,1,8.66;;
2021,1,3,2,8.65;;
2021,1,3,3,8.58;;
2021,1,3,4,8.7;;
2021,1,3,5,8.8;;
2021,1,3,6,8.69;;
2021,1,3,7,8.58;;
2021,1,3,8,8.78;;
2021,1,3,9,9.44;;
2021,1,3,10,10.08;;
2021,1,3,11,10.55;;
2021,1,3,12,10.88;;
2021,1,3,13,11.01;;
2021,1,3,14,10.76;;
2021,1,3,15,9.91;;
2021,1,3,16,8.62;;
2021,1,3,17,7.95;;
2021,1,3,18,7.47;;
2021,1,3,19,7.07;;
2021,1,3,20,6.81;;
2021,1,3,21,6.62;;
2021,1,3,22,6.58;;
2021,1,3,23,6.63;;
2021,1,4,0,6.72;;
2021,1,4,1,6.76;;
2021,1,4,2,6.77;;
2021,1,4,3,6.73;;
2021,1,4,4,6.59;;
2021,1,4,5,6.4;;
2021,1,4,6,6.18;;
2021,1,4,7,5.89;;
2021,1,4,8,5.73;;
2021,1,4,9,5.74;;
2021,1,4,10,5.52;;
2021,1,4,11,5.36;;
2021,1,4,12,5.34;;
2021,1,4,13,5.55;;
2021,1,4,14,5.89;;
2021,1,4,15,5.94;;
2021,1,4,16,5.3;;
2021,1,4,17,5.12;;
2021,1,4,18,5.21;;
2021,1,4,19,5.37;;
2021,1,4,20,5.54;;
2021,1,4,21,5.59;;
2021,1,4,22,5.46;;
2021,1,4,23,5.27;;
2021,1,5,0,5.07;;
2021,1,5,1,4.82;;
2021,1,5,2,4.65;;
2021,1,5,3,4.57;;
2021,1,5,4,4.59;;
2021,1,5,5,4.84;;
2021,1,5,6,5.22;;
2021,1,5,7,5.62;;
2021,1,5,8,6.23;;
2021,1,5,9,7.18;;
2021,1,5,10,7.69;;
2021,1,5,11,7.95;;
2021,1,5,12,7.81;;
2021,1,5,13,7.46;;
2021,1,5,14,6.94;;
2021,1,5,15,6.6;;
2021,1,5,16,6.36;;
2021,1,5,17,6.23;;
2021,1,5,18,6.05;;
2021,1,5,19,5.79;;
2021,1,5,20,5.95;;
2021,1,5,21,6.25;;
2021,1,5,22,6.37;;
2021,1,5,23,6.45;;
2021,1,6,0,6.42;;
2021,1,6,1,6.15;;
2021,1,6,2,5.94;;
2021,1,6,3,5.83;;
2021,1,6,4,5.76;;
2021,1,6,5,5.4;;
2021,1,6,6,4.97;;
2021,1,6,7,4.7;;
2021,1,6,8,4.85;;
2021,1,6,9,5.49;;
2021,1,6,10,6.07;;
2021,1,6,11,6.4;;
2021,1,6,12,6.49;;
2021,1,6,13,6.46;;
2021,1,6,14,6.3;;
2021,1,6,15,5.81;;
2021,1,6,16,5.15;;
2021,1,6,17,5.14;;
2021,1,6,18,5.21;;
2021,1,6,19,5.18;;
2021,1,6,20,5.05;;
2021,1,6,21,4.88;;
2021,1,6,22,4.63;;
2021,1,6,23,4.39;;
2021,1,7,0,4.18;;
2021,1,7,1,3.9;;
2021,1,7,2,3.71;;
2021,1,7,3,3.5;;
2021,1,7,4,3.28;;
2021,1,7,5,3.01;;
2021,1,7,6,2.69;;
2021,1,7,7,2.46;;
2021,1,7,8,3.05;;
2021,1,7,9,4.53;;
2021,1,7,10,5.27;;
2021,1,7,11,5.69;;
2021,1,7,12,5.91;;
2021,1,7,13,6.02;;
2021,1,7,14,5.95;;
2021,1,7,15,5.55;;
2021,1,7,16,4.76;;
2021,1,7,17,4.5;;
2021,1,7,18,4.26;;
2021,1,7,19,4.19;;
2021,1,7,20,4.19;;
2021,1,7,21,4.08;;
2021,1,7,22,4.0;;
2021,1,7,23,3.93;;
2021,1,8,0,3.83;;
2021,1,8,1,3.74;;
2021,1,8,2,3.66;;
2021,1,8,3,3.61;;
2021,1,8,4,3.52;;
2021,1,8,5,3.4;;
2021,1,8,6,3.15;;
2021,1,8,7,2.64;;
2021,1,8,8,2.83;;
2021,1,8,9,3.5;;
2021,1,8,10,4.58;;
2021,1,8,11,5.77;;
2021,1,8,12,6.53;;
2021,1,8,13,6.9;;
2021,1,8,14,6.89;;
2021,1,8,15,6.18;;
2021,1,8,16,4.77;;
2021,1,8,17,4.4;;
2021,1,8,18,4.34;;
2021,1,8,19,4.28;;
2021,1,8,20,4.15;;
2021,1,8,21,4.0;;
2021,1,8,22,3.72;;
2021,1,8,23,3.23;;
2021,1,9,0,2.83;;
2021,1,9,1,2.45;;
2021,1,9,2,2.13;;
2021,1,9,3,1.98;;
2021,1,9,4,1.97;;
2021,1,9,5,2.15;;
2021,1,9,6,2.31;;
2021,1,9,7,2.1;;
2021,1,9,8,2.72;;
2021,1,9,9,3.41;;
2021,1,9,10,3.86;;
2021,1,9,11,4.38;;
2021,1,9,12,4.76;;
2021,1,9,13,4.88;;
2021,1,9,14,4.84;;
2021,1,9,15,4.37;;
2021,1,9,16,3.94;;
2021,1,9,17,4.01;;
2021,1,9,18,4.1;;
2021,1,9,19,4.1;;
2021,1,9,20,3.93;;
2021,1,9,21,3.75;;
2021,1,9,22,3.91;;
2021,1,9,23,3.95;;
2021,1,10,0,3.85;;
2021,1,10,1,3.65;;
2021,1,10,2,3.44;;
2021,1,10,3,3.46;;
2021,1,10,4,3.63;;
2021,1,10,5,3.84;;
2021,1,10,6,3.85;;
2021,1,10,7,3.9;;
2021,1,10,8,4.15;;
2021,1,10,9,4.63;;
2021,1,10,10,5.06;;
2021,1,10,11,5.24;;
2021,1,10,12,5.27;;
2021,1,10,13,5.22;;
2021,1,10,14,5.01;;
2021,1,10,15,4.58;;
2021,1,10,16,4.01;;
2021,1,10,17,3.79;;
2021,1,10,18,3.37;;
2021,1,10,19,3.11;;
2021,1,10,20,2.84;;
2021,1,10,21,2.5;;
2021,1,10,22,2.2;;
2021,1,10,23,1.89;;
2021,1,11,0,1.51;;
2021,1,11,1,0.9;;
2021,1,11,2,0.3;;
2021,1,11,3,0.08;;
2021,1,11,4,-0.03;;
2021,1,11,5,-0.12;;
2021,1,11,6,-0.06;;
2021,1,11,7,0.26;;
2021,1,11,8,1.01;;
2021,1,11,9,2.01;;
2021,1,11,10,3.11;;
2021,1,11,11,4.09;;
2021,1,11,12,4.62;;
2021,1,11,13,4.88;;
2021,1,11,14,4.94;;
2021,1,11,15,4.21;;
2021,1,11,16,3.21;;
2021,1,11,17,3.01;;
2021,1,11,18,2.9;;
2021,1,11,19,2.69;;
2021,1,11,20,2.41;;
2021,1,11,21,2.19;;
2021,1,11,22,1.98;;
2021,1,11,23,1.74;;
2021,1,12,0,1.55;;
2021,1,12,1,1.48;;
2021,1,12,2,1.51;;
2021,1,12,3,1.58;;
2021,1,12,4,1.71;;
2021,1,12,5,1.94;;
2021,1,12,6,2.11;;
2021,1,12,7,2.24;;
2021,1,12,8,2.69;;
2021,1,12,9,3.81;;
2021,1,12,10,4.49;;
2021,1,12,11,4.89;;
2021,1,12,12,5.19;;
2021,1,12,13,5.06;;
2021,1,12,14,4.59;;
2021,1,12,15,3.83;;
2021,1,12,16,3.24;;
2021,1,12,17,3.05;;
2021,1,12,18,2.96;;
2021,1,12,19,2.95;;
2021,1,12,20,2.98;;
2021,1,12,21,2.92;;
2021,1,12,22,2.69;;
2021,1,12,23,2.63;;
2021,1,13,0,2.33;;
2021,1,13,1,1.85;;
2021,1,13,2,1.38;;
2021,1,13,3,1.15;;
2021,1,13,4,1.3;;
2021,1,13,5,1.61;;
2021,1,13,6,1.9;;
2021,1,13,7,2.21;;
2021,1,13,8,2.87;;
2021,1,13,9,4.25;;
2021,1,13,10,5.13;;
2021,1,13,11,5.85;;
2021,1,13,12,6.47;;
2021,1,13,13,6.92;;
2021,1,13,14,7.03;;
2021,1,13,15,6.62;;
2021,1,13,16,6.08;;
2021,1,13,17,6.61;;
2021,1,13,18,7.05;;
2021,1,13,19,6.98;;
2021,1,13,20,6.12;;
2021,1,13,21,5.13;;
2021,1,13,22,4.48;;
2021,1,13,23,4.12;;
2021,1,14,0,3.8;;
2021,1,14,1,3.6;;
2021,1,14,2,3.37;;
2021,1,14,3,3.05;;
2021,1,14,4,2.76;;
2021,1,14,5,2.64;;
2021,1,14,6,2.54;;
2021,1,14,7,2.54;;
2021,1,14,8,2.94;;
2021,1,14,9,4.13;;
2021,1,14,10,5.08;;
2021,1,14,11,6.1;;
2021,1,14,12,7.2;;
2021,1,14,13,7.85;;
2021,1,14,14,7.83;;
2021,1,14,15,6.73;;
2021,1,14,16,5.53;;
2021,1,14,17,5.33;;
2021,1,14,18,5.37;;
2021,1,14,19,5.35;;
2021,1,14,20,5.34;;
2021,1,14,21,5.24;;
2021,1,14,22,4.67;;
2021,1,14,23,4.29;;
2021,1,15,0,4.19;;
2021,1,15,1,4.08;;
2021,1,15,2,3.91;;
2021,1,15,3,3.73;;
2021,1,15,4,3.56;;
2021,1,15,5,3.44;;
2021,1,15,6,3.36;;
2021,1,15,7,3.28;;
2021,1,15,8,3.59;;
2021,1,15,9,4.27;;
2021,1,15,10,4.93;;
2021,1,15,11,5.57;;
2021,1,15,12,5.89;;
2021,1,15,13,5.89;;
2021,1,15,14,5.68;;
2021,1,15,15,4.81;;
2021,1,15,16,3.28;;
2021,1,15,17,2.86;;
2021,1,15,18,2.85;;
2021,1,15,19,2.83;;
2021,1,15,20,2.78;;
2021,1,15,21,2.71;;
2021,1,15,22,2.55;;
2021,1,15,23,2.3;;
2021,1,16,0,2.01;;
2021,1,16,1,1.64;;
2021,1,16,2,1.19;;
2021,1,16,3,0.73;;
2021,1,16,4,0.4;;
2021,1,16,5,0.28;;
2021,1,16,6,0.26;;
2021,1,16,7,0.32;;
2021,1,16,8,1.23;;
2021,1,16,9,2.31;;
2021,1,16,10,3.03;;
2021,1,16,11,3.86;;
2021,1,16,12,4.81;;
2021,1,16,13,5.09;;
2021,1,16,14,4.91;;
2021,1,16,15,4.19;;
2021,1,16,16,3.45;;
2021,1,16,17,3.3;;
2021,1,16,18,3.37;;
2021,1,16,19,3.33;;
2021,1,16,20,3.23;;
2021,1,16,21,3.18;;
2021,1,16,22,2.9;;
2021,1,16,23,2.46;;
2021,1,17,0,2.21;;
2021,1,17,1,2.09;;
2021,1,17,2,2.02;;
2021,1,17,3,1.96;;
2021,1,17,4,1.95;;
2021,1,17,5,1.98;;
2021,1,17,6,1.86;;
2021,1,17,7,1.66;;
2021,1,17,8,1.74;;
2021,1,17,9,2.04;;
2021,1,17,10,2.23;;
2021,1,17,11,2.5;;
2021,1,17,12,2.91;;
2021,1,17,13,3.2;;
2021,1,17,14,3.23;;
2021,1,17,15,2.9;;
2021,1,17,16,2.59;;
2021,1,17,17,2.73;;
2021,1,17,18,2.87;;
2021,1,17,19,3.01;;
2021,1,17,20,3.02;;
2021,1,17,21,2.8;;
2021,1,17,22,2.48;;
2021,1,17,23,2.29;;
2021,1,18,0,2.18;;
2021,1,18,1,2.12;;
2021,1,18,2,2.16;;
2021,1,18,3,2.33;;
2021,1,18,4,2.59;;
2021,1,18,5,2.87;;
2021,1,18,6,3.06;;
2021,1,18,7,3.19;;
2021,1,18,8,3.84;;
2021,1,18,9,5.19;;
2021,1,18,10,5.87;;
2021,1,18,11,6.4;;
2021,1,18,12,6.51;;
2021,1,18,13,6.15;;
2021,1,18,14,5.59;;
2021,1,18,15,4.44;;
2021,1,18,16,3.23;;
2021,1,18,17,2.9;;
2021,1,18,18,2.91;;
2021,1,18,19,2.98;;
2021,1,18,20,3.12;;
2021,1,18,21,3.28;;
2021,1,18,22,3.23;;
2021,1,18,23,3.03;;
2021,1,19,0,2.88;;
2021,1,19,1,2.61;;
2021,1,19,2,2.18;;
2021,1,19,3,1.77;;
2021,1,19,4,1.5;;
2021,1,19,5,1.33;;
2021,1,19,6,1.25;;
2021,1,19,7,1.25;;
2021,1,19,8,1.84;;
2021,1,19,9,2.96;;
2021,1,19,10,3.55;;
2021,1,19,11,3.99;;
2021,1,19,12,4.29;;
2021,1,19,13,4.45;;
2021,1,19,14,4.45;;
2021,1,19,15,3.88;;
2021,1,19,16,3.5;;
2021,1,19,17,3.83;;
2021,1,19,18,4.34;;
2021,1,19,19,4.58;;
2021,1,19,20,4.6;;
2021,1,19,21,4.53;;
2021,1,19,22,4.37;;
2021,1,19,23,4.18;;
2021,1,20,0,3.98;;
2021,1,20,1,3.78;;
2021,1,20,2,3.64;;
2021,1,20,3,3.51;;
2021,1,20,4,3.58;;
2021,1,20,5,3.87;;
2021,1,20,6,3.97;;
2021,1,20,7,3.94;;
2021,1,20,8,3.96;;
2021,1,20,9,4.0;;
2021,1,20,10,4.11;;
2021,1,20,11,4.43;;
2021,1,20,12,4.53;;
2021,1,20,13,4.55;;
2021,1,20,14,4.48;;
2021,1,20,15,4.24;;
2021,1,20,16,4.13;;
2021,1,20,17,4.17;;
2021,1,20,18,4.24;;
2021,1,20,19,4.31;;
2021,1,20,20,4.26;;
2021,1,20,21,4.14;;
2021,1,20,22,4.08;;
2021,1,20,23,4.0;;
2021,1,21,0,4.05;;
2021,1,21,1,4.15;;
2021,1,21,2,4.26;;
2021,1,21,3,4.34;;
2021,1,21,4,4.51;;
2021,1,21,5,4.75;;
2021,1,21,6,5.01;;
2021,1,21,7,5.1;;
2021,1,21,8,5.06;;
2021,1,21,9,5.12;;
2021,1,21,10,5.39;;
2021,1,21,11,6.0;;
2021,1,21,12,6.45;;
2021,1,21,13,6.73;;
2021,1,21,14,6.88;;
2021,1,21,15,6.69;;
2021,1,21,16,6.19;;
2021,1,21,17,6.05;;
2021,1,21,18,6.15;;
2021,1,21,19,6.37;;
2021,1,21,20,6.73;;
2021,1,21,21,6.86;;
2021,1,21,22,6.63;;
2021,1,21,23,6.65;;
2021,1,22,0,6.69;;
2021,1,22,1,6.85;;
2021,1,22,2,7.16;;
2021,1,22,3,7.61;;
2021,1,22,4,7.98;;
2021,1,22,5,7.68;;
2021,1,22,6,7.18;;
2021,1,22,7,6.83;;
2021,1,22,8,6.96;;
2021,1,22,9,7.5;;
2021,1,22,10,7.84;;
2021,1,22,11,8.29;;
2021,1,22,12,8.86;;
2021,1,22,13,9.43;;
2021,1,22,14,9.49;;
2021,1,22,15,9.3;;
2021,1,22,16,9.77;;
2021,1,22,17,10.19;;
2021,1,22,18,9.94;;
2021,1,22,19,9.79;;
2021,1,22,20,10.01;;
2021,1,22,21,10.41;;
2021,1,22,22,10.97;;
2021,1,22,23,10.92;;
2021,1,23,0,10.86;;
2021,1,23,1,10.51;;
2021,1,23,2,9.72;;
2021,1,23,3,9.02;;
2021,1,23,4,8.98;;
2021,1,23,5,8.8;;
2021,1,23,6,8.73;;
2021,1,23,7,8.72;;
2021,1,23,8,8.81;;
2021,1,23,9,9.06;;
2021,1,23,10,9.2;;
2021,1,23,11,8.94;;
2021,1,23,12,8.4;;
2021,1,23,13,8.03;;
2021,1,23,14,7.9;;
2021,1,23,15,7.67;;
2021,1,23,16,7.16;;
2021,1,23,17,6.55;;
2021,1,23,18,6.2;;
2021,1,23,19,5.87;;
2021,1,23,20,5.58;;
2021,1,23,21,6.06;;
2021,1,23,22,6.9;;
2021,1,23,23,6.96;;
2021,1,24,0,6.2;;
2021,1,24,1,5.73;;
2021,1,24,2,4.93;;
2021,1,24,3,4.55;;
2021,1,24,4,4.55;;
2021,1,24,5,4.87;;
2021,1,24,6,5.11;;
2021,1,24,7,5.05;;
2021,1,24,8,5.69;;
2021,1,24,9,7.02;;
2021,1,24,10,7.51;;
2021,1,24,11,7.57;;
2021,1,24,12,7.6;;
2021,1,24,13,7.54;;
2021,1,24,14,7.32;;
2021,1,24,15,6.87;;
2021,1,24,16,6.07;;
2021,1,24,17,5.3;;
2021,1,24,18,4.65;;
2021,1,24,19,4.18;;
2021,1,24,20,3.63;;
2021,1,24,21,3.06;;
2021,1,24,22,2.86;;
2021,1,24,23,3.05;;
2021,1,25,0,2.77;;
2021,1,25,1,2.34;;
2021,1,25,2,2.47;;
2021,1,25,3,2.82;;
2021,1,25,4,3.42;;
2021,1,25,5,3.78;;
2021,1,25,6,4.06;;
2021,1,25,7,4.3;;
2021,1,25,8,4.27;;
2021,1,25,9,4.62;;
2021,1,25,10,5.3;;
2021,1,25,11,5.84;;
2021,1,25,12,5.98;;
2021,1,25,13,6.01;;
2021,1,25,14,5.96;;
2021,1,25,15,5.55;;
2021,1,25,16,4.77;;
2021,1,25,17,4.63;;
2021,1,25,18,4.95;;
2021,1,25,19,5.27;;
2021,1,25,20,5.77;;
2021,1,25,21,6.33;;
2021,1,25,22,5.97;;
2021,1,25,23,5.33;;
2021,1,26,0,4.8;;
2021,1,26,1,4.5;;
2021,1,26,2,4.36;;
2021,1,26,3,4.26;;
2021,1,26,4,4.25;;
2021,1,26,5,4.05;;
2021,1,26,6,3.58;;
2021,1,26,7,3.12;;
2021,1,26,8,3.75;;
2021,1,26,9,5.21;;
2021,1,26,10,6.11;;
2021,1,26,11,6.89;;
2021,1,26,12,7.29;;
2021,1,26,13,7.62;;
2021,1,26,14,7.66;;
2021,1,26,15,7.14;;
2021,1,26,16,5.64;;
2021,1,26,17,4.69;;
2021,1,26,18,4.21;;
2021,1,26,19,3.83;;
2021,1,26,20,3.5;;
2021,1,26,21,3.23;;
2021,1,26,22,3.1;;
2021,1,26,23,2.98;;
2021,1,27,0,2.83;;
2021,1,27,1,2.67;;
2021,1,27,2,2.47;;
2021,1,27,3,2.38;;
2021,1,27,4,2.15;;
2021,1,27,5,2.05;;
2021,1,27,6,2.01;;
2021,1,27,7,2.07;;
2021,1,27,8,3.42;;
2021,1,27,9,4.88;;
2021,1,27,10,5.57;;
2021,1,27,11,6.29;;
2021,1,27,12,6.91;;
2021,1,27,13,6.98;;
2021,1,27,14,6.58;;
2021,1,27,15,6.26;;
2021,1,27,16,5.69;;
2021,1,27,17,5.19;;
2021,1,27,18,4.8;;
2021,1,27,19,4.14;;
2021,1,27,20,3.55;;
2021,1,27,21,3.01;;
2021,1,27,22,2.86;;
2021,1,27,23,3.05;;
2021,1,28,0,3.19;;
2021,1,28,1,3.33;;
2021,1,28,2,3.44;;
2021,1,28,3,3.24;;
2021,1,28,4,3.15;;
2021,1,28,5,3.01;;
2021,1,28,6,2.87;;
2021,1,28,7,3.03;;
2021,1,28,8,3.37;;
2021,1,28,9,4.12;;
2021,1,28,10,5.05;;
2021,1,28,11,5.3;;
2021,1,28,12,4.76;;
2021,1,28,13,3.55;;
2021,1,28,14,2.48;;
2021,1,28,15,2.31;;
2021,1,28,16,2.58;;
2021,1,28,17,3.04;;
2021,1,28,18,3.48;;
2021,1,28,19,3.59;;
2021,1,28,20,3.51;;
2021,1,28,21,3.23;;
2021,1,28,22,2.87;;
2021,1,28,23,2.84;;
2021,1,29,0,2.82;;
2021,1,29,1,2.41;;
2021,1,29,2,2.32;;
2021,1,29,3,2.18;;
2021,1,29,4,2.32;;
2021,1,29,5,2.55;;
2021,1,29,6,2.76;;
2021,1,29,7,3.01;;
2021,1,29,8,3.37;;
2021,1,29,9,3.93;;
2021,1,29,10,4.35;;
2021,1,29,11,4.53;;
2021,1,29,12,4.59;;
2021,1,29,13,4.18;;
2021,1,29,14,3.94;;
2021,1,29,15,3.75;;
2021,1,29,16,3.44;;
2021,1,29,17,2.87;;
2021,1,29,18,2.58;;
2021,1,29,19,2.23;;
2021,1,29,20,2.29;;
2021,1,29,21,2.76;;
2021,1,29,22,3.4;;
2021,1,29,23,3.44;;
2021,1,30,0,3.51;;
2021,1,30,1,3.45;;
2021,1,30,2,3.12;;
2021,1,30,3,3.18;;
2021,1,30,4,3.16;;
2021,1,30,5,3.01;;
2021,1,30,6,2.96;;
2021,1,30,7,3.15;;
2021,1,30,8,3.73;;
2021,1,30,9,4.62;;
2021,1,30,10,5.69;;
2021,1,30,11,6.34;;
2021,1,30,12,6.87;;
2021,1,30,13,7.01;;
2021,1,30,14,6.82;;
2021,1,30,15,6.31;;
2021,1,30,16,5.9;;
2021,1,30,17,5.8;;
2021,1,30,18,5.94;;
2021,1,30,19,6.19;;
2021,1,30,20,6.54;;
2021,1,30,21,6.94;;
2021,1,30,22,7.23;;
2021,1,30,23,7.47;;
2021,1,31,0,7.52;;
2021,1,31,1,7.48;;
2021,1,31,2,7.48;;
2021,1,31,3,7.56;;
2021,1,31,4,7.67;;
2021,1,31,5,7.31;;
2021,1,31,6,5.94;;
2021,1,31,7,4.9;;
2021,1,31,8,4.9;;
2021,1,31,9,5.58;;
2021,1,31,10,6.48;;
2021,1,31,11,7.33;;
2021,1,31,12,7.9;;
2021,1,31,13,8.18;;
2021,1,31,14,8.23;;
2021,1,31,15,7.89;;
2021,1,31,16,6.87;;
2021,1,31,17,5.82;;
2021,1,31,18,5.33;;
2021,1,31,19,4.98;;
2021,1,31,20,4.76;;
2021,1,31,21,4.44;;
2021,1,31,22,4.01;;
2021,1,31,23,3.62;;
2021,2,1,0,3.46;;
2021,2,1,1,3.39;;
2021,2,1,2,3.26;;
2021,2,1,3,3.18;;
2021,2,1,4,3.15;;
2021,2,1,5,3.08;;
2021,2,1,6,2.97;;
2021,2,1,7,3.08;;
2021,2,1,8,4.1;;
2021,2,1,9,5.01;;
2021,2,1,10,5.56;;
2021,2,1,11,6.18;;
2021,2,1,12,6.69;;
2021,2,1,13,7.12;;
2021,2,1,14,7.38;;
2021,2,1,15,7.38;;
2021,2,1,16,6.69;;
2021,2,1,17,6.37;;
2021,2,1,18,6.45;;
2021,2,1,19,6.65;;
2021,2,1,20,6.86;;
2021,2,1,21,7.01;;
2021,2,1,22,6.94;;
2021,2,1,23,6.84;;
2021,2,2,0,6.69;;
2021,2,2,1,6.51;;
2021,2,2,2,6.36;;
2021,2,2,3,6.15;;
2021,2,2,4,6.11;;
2021,2,2,5,5.75;;
2021,2,2,6,5.41;;
2021,2,2,7,5.3;;
2021,2,2,8,6.1;;
2021,2,2,9,7.01;;
2021,2,2,10,8.0;;
2021,2,2,11,9.29;;
2021,2,2,12,9.71;;
2021,2,2,13,9.85;;
2021,2,2,14,9.51;;
2021,2,2,15,8.98;;
2021,2,2,16,8.05;;
2021,2,2,17,7.13;;
2021,2,2,18,6.89;;
2021,2,2,19,6.8;;
2021,2,2,20,6.59;;
2021,2,2,21,6.33;;
2021,2,2,22,6.15;;
2021,2,2,23,6.08;;
2021,2,3,0,6.05;;
2021,2,3,1,5.98;;
2021,2,3,2,5.83;;
2021,2,3,3,5.52;;
2021,2,3,4,5.23;;
2021,2,3,5,5.04;;
2021,2,3,6,4.85;;
2021,2,3,7,4.91;;
2021,2,3,8,5.65;;
2021,2,3,9,6.57;;
2021,2,3,10,6.83;;
2021,2,3,11,6.93;;
2021,2,3,12,6.8;;
2021,2,3,13,6.65;;
2021,2,3,14,6.45;;
2021,2,3,15,6.22;;
2021,2,3,16,5.83;;
2021,2,3,17,5.63;;
2021,2,3,18,5.7;;
2021,2,3,19,5.74;;
2021,2,3,20,5.7;;
2021,2,3,21,5.77;;
2021,2,3,22,5.95;;
2021,2,3,23,6.11;;
2021,2,4,0,6.23;;
2021,2,4,1,6.26;;
2021,2,4,2,6.12;;
2021,2,4,3,6.03;;
2021,2,4,4,6.02;;
2021,2,4,5,5.99;;
2021,2,4,6,5.9;;
2021,2,4,7,5.76;;
2021,2,4,8,5.94;;
2021,2,4,9,6.58;;
2021,2,4,10,7.62;;
2021,2,4,11,8.39;;
2021,2,4,12,8.82;;
2021,2,4,13,9.04;;
2021,2,4,14,8.97;;
2021,2,4,15,8.66;;
2021,2,4,16,8.24;;
2021,2,4,17,7.98;;
2021,2,4,18,7.95;;
2021,2,4,19,8.05;;
2021,2,4,20,7.99;;
2021,2,4,21,7.87;;
2021,2,4,22,7.73;;
2021,2,4,23,7.68;;
2021,2,5,0,7.65;;
2021,2,5,1,7.64;;
2021,2,5,2,7.58;;
2021,2,5,3,7.55;;
2021,2,5,4,7.62;;
2021,2,5,5,7.65;;
2021,2,5,6,7.61;;
2021,2,5,7,7.54;;
2021,2,5,8,7.86;;
2021,2,5,9,8.25;;
2021,2,5,10,8.7;;
2021,2,5,11,9.35;;
2021,2,5,12,9.9;;
2021,2,5,13,10.2;;
2021,2,5,14,10.23;;
2021,2,5,15,10.06;;
2021,2,5,16,9.62;;
2021,2,5,17,9.09;;
2021,2,5,18,8.97;;
2021,2,5,19,8.93;;
2021,2,5,20,8.95;;
2021,2,5,21,8.95;;
2021,2,5,22,8.92;;
2021,2,5,23,8.9;;
2021,2,6,0,8.94;;
2021,2,6,1,8.9;;
2021,2,6,2,8.93;;
2021,2,6,3,8.94;;
2021,2,6,4,8.87;;
2021,2,6,5,8.8;;
2021,2,6,6,8.66;;
2021,2,6,7,8.58;;
2021,2,6,8,8.89;;
2021,2,6,9,9.46;;
2021,2,6,10,10.1;;
2021,2,6,11,10.48;;
2021,2,6,12,10.7;;
2021,2,6,13,10.75;;
2021,2,6,14,10.59;;
2021,2,6,15,10.27;;
2021,2,6,16,9.8;;
2021,2,6,17,9.4;;
2021,2,6,18,9.25;;
2021,2,6,19,9.1;;
2021,2,6,20,8.92;;
2021,2,6,21,8.69;;
2021,2,6,22,8.65;;
2021,2,6,23,8.7;;
2021,2,7,0,8.56;;
2021,2,7,1,8.56;;
2021,2,7,2,8.62;;
2021,2,7,3,8.82;;
2021,2,7,4,9.02;;
2021,2,7,5,9.1;;
2021,2,7,6,9.12;;
2021,2,7,7,9.2;;
2021,2,7,8,9.34;;
2021,2,7,9,9.82;;
2021,2,7,10,10.54;;
2021,2,7,11,10.76;;
2021,2,7,12,10.9;;
2021,2,7,13,10.98;;
2021,2,7,14,11.03;;
2021,2,7,15,11.17;;
2021,2,7,16,10.8;;
2021,2,7,17,10.35;;
2021,2,7,18,10.06;;
2021,2,7,19,9.72;;
2021,2,7,20,9.41;;
2021,2,7,21,9.16;;
2021,2,7,22,9.08;;
2021,2,7,23,9.09;;
2021,2,8,0,8.82;;
2021,2,8,1,8.5;;
2021,2,8,2,8.26;;
2021,2,8,3,7.98;;
2021,2,8,4,7.55;;
2021,2,8,5,7.27;;
2021,2,8,6,7.38;;
2021,2,8,7,7.3;;
2021,2,8,8,7.06;;
2021,2,8,9,7.12;;
2021,2,8,10,7.48;;
2021,2,8,11,8.13;;
2021,2,8,12,9.3;;
2021,2,8,13,10.3;;
2021,2,8,14,10.76;;
2021,2,8,15,10.73;;
2021,2,8,16,9.63;;
2021,2,8,17,8.57;;
2021,2,8,18,8.48;;
2021,2,8,19,8.58;;
2021,2,8,20,8.69;;
2021,2,8,21,8.5;;
2021,2,8,22,7.77;;
2021,2,8,23,7.12;;
2021,2,9,0,7.01;;
2021,2,9,1,7.29;;
2021,2,9,2,7.67;;
2021,2,9,3,7.96;;
2021,2,9,4,7.95;;
2021,2,9,5,7.73;;
2021,2,9,6,7.44;;
2021,2,9,7,7.25;;
2021,2,9,8,7.82;;
2021,2,9,9,8.65;;
2021,2,9,10,9.53;;
2021,2,9,11,10.28;;
2021,2,9,12,10.68;;
2021,2,9,13,10.87;;
2021,2,9,14,10.95;;
2021,2,9,15,10.82;;
2021,2,9,16,10.07;;
2021,2,9,17,8.8;;
2021,2,9,18,8.41;;
2021,2,9,19,8.2;;
2021,2,9,20,8.4;;
2021,2,9,21,8.47;;
2021,2,9,22,8.42;;
2021,2,9,23,8.33;;
2021,2,10,0,8.3;;
2021,2,10,1,8.36;;
2021,2,10,2,8.47;;
2021,2,10,3,8.42;;
2021,2,10,4,8.41;;
2021,2,10,5,8.51;;
2021,2,10,6,8.55;;
2021,2,10,7,8.65;;
2021,2,10,8,9.22;;
2021,2,10,9,10.05;;
2021,2,10,10,10.43;;
2021,2,10,11,11.11;;
2021,2,10,12,11.8;;
2021,2,10,13,12.48;;
2021,2,10,14,12.41;;
2021,2,10,15,11.98;;
2021,2,10,16,10.86;;
2021,2,10,17,9.89;;
2021,2,10,18,9.41;;
2021,2,10,19,8.94;;
2021,2,10,20,8.45;;
2021,2,10,21,8.15;;
2021,2,10,22,7.9;;
2021,2,10,23,7.69;;
2021,2,11,0,7.64;;
2021,2,11,1,7.65;;
2021,2,11,2,7.39;;
2021,2,11,3,6.97;;
2021,2,11,4,6.52;;
2021,2,11,5,5.95;;
2021,2,11,6,5.37;;
2021,2,11,7,5.28;;
2021,2,11,8,6.56;;
2021,2,11,9,7.15;;
2021,2,11,10,7.24;;
2021,2,11,11,7.23;;
2021,2,11,12,7.21;;
2021,2,11,13,7.19;;
2021,2,11,14,7.01;;
2021,2,11,15,6.48;;
2021,2,11,16,5.48;;
2021,2,11,17,4.25;;
2021,2,11,18,3.44;;
2021,2,11,19,2.6;;
2021,2,11,20,1.83;;
2021,2,11,21,1.37;;
2021,2,11,22,1.19;;
2021,2,11,23,1.09;;
2021,2,12,0,0.95;;
2021,2,12,1,0.88;;
2021,2,12,2,0.96;;
2021,2,12,3,1.04;;
2021,2,12,4,1.02;;
2021,2,12,5,0.83;;
2021,2,12,6,0.53;;
2021,2,12,7,0.5;;
2021,2,12,8,1.25;;
2021,2,12,9,2.23;;
2021,2,12,10,2.92;;
2021,2,12,11,3.26;;
2021,2,12,12,3.53;;
2021,2,12,13,3.6;;
2021,2,12,14,3.64;;
2021,2,12,15,3.6;;
2021,2,12,16,3.24;;
2021,2,12,17,2.66;;
2021,2,12,18,2.4;;
2021,2,12,19,2.04;;
2021,2,12,20,1.59;;
2021,2,12,21,1.25;;
2021,2,12,22,0.87;;
2021,2,12,23,0.55;;
2021,2,13,0,0.24;;
2021,2,13,1,-0.01;;
2021,2,13,2,-0.2;;
2021,2,13,3,-0.36;;
2021,2,13,4,-0.52;;
2021,2,13,5,-0.74;;
2021,2,13,6,-1.02;;
2021,2,13,7,-1.2;;
2021,2,13,8,-0.95;;
2021,2,13,9,-0.45;;
2021,2,13,10,0.1;;
2021,2,13,11,0.73;;
2021,2,13,12,1.38;;
2021,2,13,13,1.91;;
2021,2,13,14,2.29;;
2021,2,13,15,2.4;;
2021,2,13,16,1.9;;
2021,2,13,17,0.89;;
2021,2,13,18,0.8;;
2021,2,13,19,0.69;;
2021,2,13,20,0.45;;
2021,2,13,21,0.22;;
2021,2,13,22,0.04;;
2021,2,13,23,-0.05;;
2021,2,14,0,-0.1;;
2021,2,14,1,-0.16;;
2021,2,14,2,-0.24;;
2021,2,14,3,-0.44;;
2021,2,14,4,-0.7;;
2021,2,14,5,-0.86;;
2021,2,14,6,-0.92;;
2021,2,14,7,-0.51;;
2021,2,14,8,0.63;;
2021,2,14,9,1.94;;
2021,2,14,10,3.1;;
2021,2,14,11,4.1;;
2021,2,14,12,5.01;;
2021,2,14,13,5.62;;
2021,2,14,14,5.9;;
2021,2,14,15,5.68;;
2021,2,14,16,4.29;;
2021,2,14,17,3.09;;
2021,2,14,18,2.79;;
2021,2,14,19,2.59;;
2021,2,14,20,2.61;;
2021,2,14,21,2.79;;
2021,2,14,22,2.9;;
2021,2,14,23,2.96;;
2021,2,15,0,2.84;;
2021,2,15,1,2.62;;
2021,2,15,2,2.41;;
2021,2,15,3,2.25;;
2021,2,15,4,2.09;;
2021,2,15,5,1.66;;
2021,2,15,6,1.39;;
2021,2,15,7,1.65;;
2021,2,15,8,2.79;;
2021,2,15,9,3.59;;
2021,2,15,10,4.49;;
2021,2,15,11,4.99;;
2021,2,15,12,5.19;;
2021,2,15,13,5.31;;
2021,2,15,14,5.35;;
2021,2,15,15,5.1;;
2021,2,15,16,3.9;;
2021,2,15,17,3.09;;
2021,2,15,18,3.05;;
2021,2,15,19,2.98;;
2021,2,15,20,2.99;;
2021,2,15,21,3.01;;
2021,2,15,22,3.01;;
2021,2,15,23,2.95;;
2021,2,16,0,2.79;;
2021,2,16,1,2.48;;
2021,2,16,2,2.01;;
2021,2,16,3,1.94;;
2021,2,16,4,1.74;;
2021,2,16,5,1.58;;
2021,2,16,6,1.46;;
2021,2,16,7,1.86;;
2021,2,16,8,3.19;;
2021,2,16,9,4.33;;
2021,2,16,10,5.61;;
2021,2,16,11,6.66;;
2021,2,16,12,7.33;;
2021,2,16,13,7.73;;
2021,2,16,14,7.88;;
2021,2,16,15,7.74;;
2021,2,16,16,7.15;;
2021,2,16,17,6.73;;
2021,2,16,18,6.69;;
2021,2,16,19,6.6;;
2021,2,16,20,6.43;;
2021,2,16,21,6.39;;
2021,2,16,22,6.45;;
2021,2,16,23,6.42;;
2021,2,17,0,6.03;;
2021,2,17,1,5.65;;
2021,2,17,2,5.61;;
2021,2,17,3,5.58;;
2021,2,17,4,5.5;;
2021,2,17,5,5.51;;
2021,2,17,6,5.43;;
2021,2,17,7,5.46;;
2021,2,17,8,5.86;;
2021,2,17,9,6.65;;
2021,2,17,10,7.47;;
2021,2,17,11,8.27;;
2021,2,17,12,8.81;;
2021,2,17,13,9.15;;
2021,2,17,14,9.36;;
2021,2,17,15,9.32;;
2021,2,17,16,8.53;;
2021,2,17,17,7.26;;
2021,2,17,18,6.9;;
2021,2,17,19,6.76;;
2021,2,17,20,6.66;;
2021,2,17,21,6.57;;
2021,2,17,22,6.42;;
2021,2,17,23,6.09;;
2021,2,18,0,5.78;;
2021,2,18,1,5.51;;
2021,2,18,2,5.41;;
2021,2,18,3,5.23;;
2021,2,18,4,5.17;;
2021,2,18,5,5.14;;
2021,2,18,6,5.09;;
2021,2,18,7,5.12;;
2021,2,18,8,5.3;;
2021,2,18,9,5.55;;
2021,2,18,10,6.04;;
2021,2,18,11,6.6;;
2021,2,18,12,7.25;;
2021,2,18,13,8.05;;
2021,2,18,14,8.4;;
2021,2,18,15,8.51;;
2021,2,18,16,8.21;;
2021,2,18,17,7.48;;
2021,2,18,18,7.37;;
2021,2,18,19,7.37;;
2021,2,18,20,7.32;;
2021,2,18,21,7.27;;
2021,2,18,22,7.22;;
2021,2,18,23,7.2;;
2021,2,19,0,7.27;;
2021,2,19,1,7.29;;
2021,2,19,2,7.18;;
2021,2,19,3,7.05;;
2021,2,19,4,6.94;;
2021,2,19,5,6.58;;
2021,2,19,6,6.37;;
2021,2,19,7,6.48;;
2021,2,19,8,7.06;;
2021,2,19,9,7.64;;
2021,2,19,10,8.19;;
2021,2,19,11,8.83;;
2021,2,19,12,9.56;;
2021,2,19,13,10.24;;
2021,2,19,14,10.4;;
2021,2,19,15,10.4;;
2021,2,19,16,9.88;;
2021,2,19,17,9.09;;
2021,2,19,18,8.94;;
2021,2,19,19,8.98;;
2021,2,19,20,9.01;;
2021,2,19,21,8.86;;
2021,2,19,22,8.72;;
2021,2,19,23,8.59;;
2021,2,20,0,8.52;;
2021,2,20,1,8.49;;
2021,2,20,2,8.37;;
2021,2,20,3,8.21;;
2021,2,20,4,7.94;;
2021,2,20,5,7.56;;
2021,2,20,6,7.26;;
2021,2,20,7,7.28;;
2021,2,20,8,7.96;;
2021,2,20,9,8.9;;
2021,2,20,10,9.87;;
2021,2,20,11,10.33;;
2021,2,20,12,10.5;;
2021,2,20,13,10.55;;
2021,2,20,14,10.51;;
2021,2,20,15,10.31;;
2021,2,20,16,9.93;;
2021,2,20,17,9.18;;
2021,2,20,18,8.73;;
2021,2,20,19,8.33;;
2021,2,20,20,7.98;;
2021,2,20,21,7.67;;
2021,2,20,22,7.56;;
2021,2,20,23,7.67;;
2021,2,21,0,7.79;;
2021,2,21,1,7.89;;
2021,2,21,2,8.04;;
2021,2,21,3,8.22;;
2021,2,21,4,8.21;;
2021,2,21,5,8.07;;
2021,2,21,6,7.94;;
2021,2,21,7,7.94;;
2021,2,21,8,8.17;;
2021,2,21,9,8.8;;
2021,2,21,10,9.86;;
2021,2,21,11,10.42;;
2021,2,21,12,10.73;;
2021,2,21,13,10.97;;
2021,2,21,14,11.08;;
2021,2,21,15,11.04;;
2021,2,21,16,10.76;;
2021,2,21,17,10.23;;
2021,2,21,18,9.81;;
2021,2,21,19,9.49;;
2021,2,21,20,9.15;;
2021,2,21,21,8.8;;
2021,2,21,22,8.62;;
2021,2,21,23,8.63;;
2021,2,22,0,8.74;;
2021,2,22,1,8.85;;
2021,2,22,2,9.06;;
2021,2,22,3,9.26;;
2021,2,22,4,9.15;;
2021,2,22,5,9.12;;
2021,2,22,6,8.94;;
2021,2,22,7,9.12;;
2021,2,22,8,9.97;;
2021,2,22,9,10.83;;
2021,2,22,10,11.34;;
2021,2,22,11,11.78;;
2021,2,22,12,12.21;;
2021,2,22,13,12.43;;
2021,2,22,14,12.51;;
2021,2,22,15,12.4;;
2021,2,22,16,11.79;;
2021,2,22,17,10.76;;
2021,2,22,18,10.1;;
2021,2,22,19,9.53;;
2021,2,22,20,8.95;;
2021,2,22,21,8.45;;
2021,2,22,22,8.07;;
2021,2,22,23,7.87;;
2021,2,23,0,7.69;;
2021,2,23,1,7.33;;
2021,2,23,2,6.83;;
2021,2,23,3,6.51;;
2021,2,23,4,6.3;;
2021,2,23,5,5.96;;
2021,2,23,6,5.32;;
2021,2,23,7,5.21;;
2021,2,23,8,5.58;;
2021,2,23,9,6.01;;
2021,2,23,10,6.96;;
2021,2,23,11,8.26;;
2021,2,23,12,9.09;;
2021,2,23,13,9.52;;
2021,2,23,14,9.77;;
2021,2,23,15,9.82;;
2021,2,23,16,9.58;;
2021,2,23,17,8.97;;
2021,2,23,18,8.95;;
2021,2,23,19,9.0;;
2021,2,23,20,9.0;;
2021,2,23,21,9.19;;
2021,2,23,22,9.57;;
2021,2,23,23,9.87;;
2021,2,24,0,10.33;;
2021,2,24,1,10.62;;
2021,2,24,2,10.98;;
2021,2,24,3,11.17;;
2021,2,24,4,10.91;;
2021,2,24,5,10.27;;
2021,2,24,6,9.57;;
2021,2,24,7,9.33;;
2021,2,24,8,10.62;;
2021,2,24,9,12.29;;
2021,2,24,10,13.12;;
2021,2,24,11,14.45;;
2021,2,24,12,15.62;;
2021,2,24,13,16.33;;
2021,2,24,14,16.71;;
2021,2,24,15,16.75;;
2021,2,24,16,16.4;;
2021,2,24,17,15.53;;
2021,2,24,18,15.07;;
2021,2,24,19,15.19;;
2021,2,24,20,14.17;;
2021,2,24,21,12.54;;
2021,2,24,22,11.32;;
2021,2,24,23,10.59;;
2021,2,25,0,10.17;;
2021,2,25,1,9.94;;
2021,2,25,2,9.83;;
2021,2,25,3,9.79;;
2021,2,25,4,9.56;;
2021,2,25,5,9.16;;
2021,2,25,6,8.77;;
2021,2,25,7,8.98;;
2021,2,25,8,10.64;;
2021,2,25,9,11.65;;
2021,2,25,10,12.53;;
2021,2,25,11,13.7;;
2021,2,25,12,14.6;;
2021,2,25,13,15.15;;
2021,2,25,14,15.46;;
2021,2,25,15,15.45;;
2021,2,25,16,14.77;;
2021,2,25,17,13.86;;
2021,2,25,18,13.68;;
2021,2,25,19,13.69;;
2021,2,25,20,13.68;;
2021,2,25,21,13.35;;
2021,2,25,22,12.83;;
2021,2,25,23,12.17;;
2021,2,26,0,11.62;;
2021,2,26,1,11.44;;
2021,2,26,2,11.23;;
2021,2,26,3,11.07;;
2021,2,26,4,10.83;;
2021,2,26,5,10.48;;
2021,2,26,6,10.19;;
2021,2,26,7,10.22;;
2021,2,26,8,11.08;;
2021,2,26,9,12.23;;
2021,2,26,10,12.9;;
2021,2,26,11,13.87;;
2021,2,26,12,14.64;;
2021,2,26,13,15.14;;
2021,2,26,14,15.45;;
2021,2,26,15,15.31;;
2021,2,26,16,14.48;;
2021,2,26,17,13.1;;
2021,2,26,18,12.48;;
2021,2,26,19,12.32;;
2021,2,26,20,12.19;;
2021,2,26,21,11.95;;
2021,2,26,22,11.73;;
2021,2,26,23,11.77;;
2021,2,27,0,11.65;;
2021,2,27,1,11.4;;
2021,2,27,2,10.76;;
2021,2,27,3,9.79;;
2021,2,27,4,9.23;;
2021,2,27,5,9.07;;
2021,2,27,6,9.01;;
2021,2,27,7,9.51;;
2021,2,27,8,10.84;;
2021,2,27,9,11.76;;
2021,2,27,10,12.58;;
2021,2,27,11,13.2;;
2021,2,27,12,13.48;;
2021,2,27,13,13.58;;
2021,2,27,14,13.59;;
2021,2,27,15,13.36;;
2021,2,27,16,12.56;;
2021,2,27,17,10.97;;
2021,2,27,18,10.16;;
2021,2,27,19,9.52;;
2021,2,27,20,8.82;;
2021,2,27,21,8.19;;
2021,2,27,22,7.66;;
2021,2,27,23,7.26;;
2021,2,28,0,6.96;;
2021,2,28,1,6.58;;
2021,2,28,2,6.22;;
2021,2,28,3,5.89;;
2021,2,28,4,5.62;;
2021,2,28,5,5.48;;
2021,2,28,6,5.21;;
2021,2,28,7,6.02;;
2021,2,28,8,7.32;;
2021,2,28,9,8.08;;
2021,2,28,10,8.75;;
2021,2,28,11,9.38;;
2021,2,28,12,9.95;;
2021,2,28,13,10.37;;
2021,2,28,14,10.62;;
2021,2,28,15,10.68;;
2021,2,28,16,10.44;;
2021,2,28,17,9.83;;
2021,2,28,18,9.57;;
2021,2,28,19,9.06;;
2021,2,28,20,8.58;;
2021,2,28,21,8.01;;
2021,2,28,22,7.41;;
2021,2,28,23,6.79;;
2021,3,1,0,6.29;;
2021,3,1,1,5.89;;
2021,3,1,2,5.55;;
2021,3,1,3,5.35;;
2021,3,1,4,5.19;;
2021,3,1,5,5.12;;
2021,3,1,6,4.97;;
2021,3,1,7,5.64;;
2021,3,1,8,7.62;;
2021,3,1,9,8.69;;
2021,3,1,10,9.74;;
2021,3,1,11,10.68;;
2021,3,1,12,11.41;;
2021,3,1,13,11.94;;
2021,3,1,14,12.22;;
2021,3,1,15,12.37;;
2021,3,1,16,12.31;;
2021,3,1,17,11.9;;
2021,3,1,18,11.58;;
2021,3,1,19,11.05;;
2021,3,1,20,10.42;;
2021,3,1,21,9.45;;
2021,3,1,22,8.37;;
2021,3,1,23,7.71;;
2021,3,2,0,7.26;;
2021,3,2,1,6.85;;
2021,3,2,2,6.5;;
2021,3,2,3,6.26;;
2021,3,2,4,6.07;;
2021,3,2,5,5.87;;
2021,3,2,6,5.69;;
2021,3,2,7,6.81;;
2021,3,2,8,8.73;;
2021,3,2,9,9.87;;
2021,3,2,10,10.91;;
2021,3,2,11,11.58;;
2021,3,2,12,12.06;;
2021,3,2,13,12.44;;
2021,3,2,14,12.71;;
2021,3,2,15,12.73;;
2021,3,2,16,12.25;;
2021,3,2,17,10.92;;
2021,3,2,18,10.27;;
2021,3,2,19,9.94;;
2021,3,2,20,9.44;;
2021,3,2,21,8.82;;
2021,3,2,22,8.42;;
2021,3,2,23,8.37;;
2021,3,3,0,8.56;;
2021,3,3,1,8.55;;
2021,3,3,2,8.41;;
2021,3,3,3,8.25;;
2021,3,3,4,7.73;;
2021,3,3,5,7.21;;
2021,3,3,6,6.88;;
2021,3,3,7,7.27;;
2021,3,3,8,8.8;;
2021,3,3,9,10.13;;
2021,3,3,10,11.83;;
2021,3,3,11,12.62;;
2021,3,3,12,13.1;;
2021,3,3,13,13.39;;
2021,3,3,14,13.4;;
2021,3,3,15,13.09;;
2021,3,3,16,12.26;;
2021,3,3,17,10.37;;
2021,3,3,18,9.37;;
2021,3,3,19,8.87;;
2021,3,3,20,8.4;;
2021,3,3,21,7.88;;
2021,3,3,22,7.51;;
2021,3,3,23,7.31;;
2021,3,4,0,7.16;;
2021,3,4,1,7.16;;
2021,3,4,2,7.17;;
2021,3,4,3,7.17;;
2021,3,4,4,6.99;;
2021,3,4,5,6.21;;
2021,3,4,6,5.65;;
2021,3,4,7,5.79;;
2021,3,4,8,6.83;;
2021,3,4,9,8.05;;
2021,3,4,10,9.51;;
2021,3,4,11,10.9;;
2021,3,4,12,11.78;;
2021,3,4,13,12.26;;
2021,3,4,14,12.42;;
2021,3,4,15,12.31;;
2021,3,4,16,11.69;;
2021,3,4,17,10.58;;
2021,3,4,18,10.04;;
2021,3,4,19,9.69;;
2021,3,4,20,9.23;;
2021,3,4,21,8.8;;
2021,3,4,22,8.41;;
2021,3,4,23,7.8;;
2021,3,5,0,7.22;;
2021,3,5,1,6.95;;
2021,3,5,2,6.82;;
2021,3,5,3,6.59;;
2021,3,5,4,6.39;;
2021,3,5,5,6.09;;
2021,3,5,6,5.73;;
2021,3,5,7,6.8;;
2021,3,5,8,8.17;;
2021,3,5,9,9.55;;
2021,3,5,10,10.83;;
2021,3,5,11,11.68;;
2021,3,5,12,12.26;;
2021,3,5,13,12.69;;
2021,3,5,14,12.94;;
2021,3,5,15,12.97;;
2021,3,5,16,12.57;;
2021,3,5,17,11.51;;
2021,3,5,18,10.76;;
2021,3,5,19,10.08;;
2021,3,5,20,9.18;;
2021,3,5,21,9.01;;
2021,3,5,22,9.52;;
2021,3,5,23,8.11;;
2021,3,6,0,6.63;;
2021,3,6,1,6.01;;
2021,3,6,2,5.57;;
2021,3,6,3,5.29;;
2021,3,6,4,5.19;;
2021,3,6,5,5.15;;
2021,3,6,6,4.83;;
2021,3,6,7,4.95;;
2021,3,6,8,5.55;;
2021,3,6,9,6.35;;
2021,3,6,10,6.98;;
2021,3,6,11,7.46;;
2021,3,6,12,7.89;;
2021,3,6,13,8.2;;
2021,3,6,14,8.4;;
2021,3,6,15,8.39;;
2021,3,6,16,8.08;;
2021,3,6,17,6.8;;
2021,3,6,18,6.05;;
2021,3,6,19,5.69;;
2021,3,6,20,5.12;;
2021,3,6,21,4.51;;
2021,3,6,22,4.08;;
2021,3,6,23,3.82;;
2021,3,7,0,3.59;;
2021,3,7,1,3.37;;
2021,3,7,2,3.19;;
2021,3,7,3,3.06;;
2021,3,7,4,2.9;;
2021,3,7,5,2.7;;
2021,3,7,6,2.54;;
2021,3,7,7,3.78;;
2021,3,7,8,5.32;;
2021,3,7,9,6.33;;
2021,3,7,10,6.88;;
2021,3,7,11,7.39;;
2021,3,7,12,7.91;;
2021,3,7,13,8.4;;
2021,3,7,14,8.73;;
2021,3,7,15,8.84;;
2021,3,7,16,8.58;;
2021,3,7,17,7.24;;
2021,3,7,18,6.31;;
2021,3,7,19,6.01;;
2021,3,7,20,5.73;;
2021,3,7,21,5.38;;
2021,3,7,22,5.11;;
2021,3,7,23,4.94;;
2021,3,8,0,4.83;;
2021,3,8,1,4.8;;
2021,3,8,2,4.74;;
2021,3,8,3,4.76;;
2021,3,8,4,4.66;;
2021,3,8,5,4.43;;
2021,3,8,6,4.23;;
2021,3,8,7,4.83;;
2021,3,8,8,6.04;;
2021,3,8,9,7.73;;
2021,3,8,10,8.64;;
2021,3,8,11,9.16;;
2021,3,8,12,9.51;;
2021,3,8,13,9.69;;
2021,3,8,14,9.67;;
2021,3,8,15,9.49;;
2021,3,8,16,9.15;;
2021,3,8,17,8.33;;
2021,3,8,18,7.82;;
2021,3,8,19,7.89;;
2021,3,8,20,7.76;;
2021,3,8,21,7.35;;
2021,3,8,22,6.83;;
2021,3,8,23,6.37;;
2021,3,9,0,6.34;;
2021,3,9,1,6.41;;
2021,3,9,2,6.37;;
2021,3,9,3,6.18;;
2021,3,9,4,5.9;;
2021,3,9,5,5.54;;
2021,3,9,6,5.26;;
2021,3,9,7,6.09;;
2021,3,9,8,7.05;;
2021,3,9,9,7.84;;
2021,3,9,10,8.68;;
2021,3,9,11,9.4;;
2021,3,9,12,9.97;;
2021,3,9,13,10.37;;
2021,3,9,14,10.55;;
2021,3,9,15,10.54;;
2021,3,9,16,10.26;;
2021,3,9,17,9.19;;
2021,3,9,18,8.7;;
2021,3,9,19,8.36;;
2021,3,9,20,7.72;;
2021,3,9,21,7.27;;
2021,3,9,22,6.98;;
2021,3,9,23,6.77;;
2021,3,10,0,6.53;;
2021,3,10,1,6.32;;
2021,3,10,2,6.18;;
2021,3,10,3,6.02;;
2021,3,10,4,5.63;;
2021,3,10,5,5.23;;
2021,3,10,6,5.05;;
2021,3,10,7,6.26;;
2021,3,10,8,7.77;;
2021,3,10,9,8.65;;
2021,3,10,10,9.36;;
2021,3,10,11,9.88;;
2021,3,10,12,10.26;;
2021,3,10,13,10.58;;
2021,3,10,14,10.8;;
2021,3,10,15,10.85;;
2021,3,10,16,10.5;;
2021,3,10,17,9.11;;
2021,3,10,18,8.12;;
2021,3,10,19,7.9;;
2021,3,10,20,7.68;;
2021,3,10,21,7.3;;
2021,3,10,22,7.11;;
2021,3,10,23,7.12;;
2021,3,11,0,6.91;;
2021,3,11,1,6.91;;
2021,3,11,2,7.03;;
2021,3,11,3,7.19;;
2021,3,11,4,6.95;;
2021,3,11,5,6.25;;
2021,3,11,6,5.48;;
2021,3,11,7,6.53;;
2021,3,11,8,7.7;;
2021,3,11,9,8.29;;
2021,3,11,10,8.85;;
2021,3,11,11,9.83;;
2021,3,11,12,10.71;;
2021,3,11,13,11.35;;
2021,3,11,14,11.62;;
2021,3,11,15,11.48;;
2021,3,11,16,10.88;;
2021,3,11,17,10.06;;
2021,3,11,18,9.63;;
2021,3,11,19,9.73;;
2021,3,11,20,9.69;;
2021,3,11,21,9.37;;
2021,3,11,22,8.94;;
2021,3,11,23,8.54;;
2021,3,12,0,8.52;;
2021,3,12,1,8.61;;
2021,3,12,2,8.73;;
2021,3,12,3,8.78;;
2021,3,12,4,8.66;;
2021,3,12,5,8.47;;
2021,3,12,6,8.21;;
2021,3,12,7,8.86;;
2021,3,12,8,10.01;;
2021,3,12,9,11.39;;
2021,3,12,10,12.2;;
2021,3,12,11,12.63;;
2021,3,12,12,12.84;;
2021,3,12,13,12.83;;
2021,3,12,14,12.62;;
2021,3,12,15,12.22;;
2021,3,12,16,11.72;;
2021,3,12,17,11.03;;
2021,3,12,18,10.12;;
2021,3,12,19,9.62;;
2021,3,12,20,9.3;;
2021,3,12,21,9.19;;
2021,3,12,22,9.04;;
2021,3,12,23,8.84;;
2021,3,13,0,8.46;;
2021,3,13,1,7.98;;
2021,3,13,2,7.59;;
2021,3,13,3,7.26;;
2021,3,13,4,7.1;;
2021,3,13,5,7.43;;
2021,3,13,6,8.01;;
2021,3,13,7,8.88;;
2021,3,13,8,9.94;;
2021,3,13,9,11.01;;
2021,3,13,10,12.08;;
2021,3,13,11,12.87;;
2021,3,13,12,13.4;;
2021,3,13,13,13.66;;
2021,3,13,14,13.96;;
2021,3,13,15,14.12;;
2021,3,13,16,13.74;;
2021,3,13,17,12.74;;
2021,3,13,18,11.97;;
2021,3,13,19,11.17;;
2021,3,13,20,10.44;;
2021,3,13,21,9.73;;
2021,3,13,22,9.19;;
2021,3,13,23,8.42;;
2021,3,14,0,7.9;;
2021,3,14,1,8.11;;
2021,3,14,2,8.45;;
2021,3,14,3,8.43;;
2021,3,14,4,8.22;;
2021,3,14,5,7.81;;
2021,3,14,6,7.6;;
2021,3,14,7,8.15;;
2021,3,14,8,9.23;;
2021,3,14,9,10.51;;
2021,3,14,10,11.53;;
2021,3,14,11,11.66;;
2021,3,14,12,10.96;;
2021,3,14,13,10.83;;
2021,3,14,14,10.83;;
2021,3,14,15,10.38;;
2021,3,14,16,9.25;;
2021,3,14,17,7.86;;
2021,3,14,18,6.87;;
2021,3,14,19,6.39;;
2021,3,14,20,6.33;;
2021,3,14,21,6.26;;
2021,3,14,22,5.33;;
2021,3,14,23,4.85;;
2021,3,15,0,4.65;;
2021,3,15,1,4.44;;
2021,3,15,2,4.08;;
2021,3,15,3,3.96;;
2021,3,15,4,4.11;;
2021,3,15,5,4.41;;
2021,3,15,6,4.79;;
2021,3,15,7,6.03;;
2021,3,15,8,7.2;;
2021,3,15,9,8.56;;
2021,3,15,10,10.1;;
2021,3,15,11,10.8;;
2021,3,15,12,11.46;;
2021,3,15,13,11.83;;
2021,3,15,14,11.99;;
2021,3,15,15,11.84;;
2021,3,15,16,11.4;;
2021,3,15,17,10.22;;
2021,3,15,18,9.27;;
2021,3,15,19,9.14;;
2021,3,15,20,9.35;;
2021,3,15,21,9.44;;
2021,3,15,22,8.45;;
2021,3,15,23,7.51;;
2021,3,16,0,7.04;;
2021,3,16,1,6.86;;
2021,3,16,2,7.1;;
2021,3,16,3,7.69;;
2021,3,16,4,7.48;;
2021,3,16,5,6.9;;
2021,3,16,6,6.8;;
2021,3,16,7,7.42;;
2021,3,16,8,9.11;;
2021,3,16,9,10.8;;
2021,3,16,10,11.9;;
2021,3,16,11,12.46;;
2021,3,16,12,12.78;;
2021,3,16,13,12.95;;
2021,3,16,14,12.93;;
2021,3,16,15,12.72;;
2021,3,16,16,12.05;;
2021,3,16,17,10.48;;
2021,3,16,18,9.14;;
2021,3,16,19,8.87;;
2021,3,16,20,8.7;;
2021,3,16,21,8.55;;
2021,3,16,22,8.27;;
2021,3,16,23,7.92;;
2021,3,17,0,7.58;;
2021,3,17,1,7.19;;
2021,3,17,2,6.76;;
2021,3,17,3,6.33;;
2021,3,17,4,6.12;;
2021,3,17,5,6.01;;
2021,3,17,6,5.92;;
2021,3,17,7,7.1;;
2021,3,17,8,8.44;;
2021,3,17,9,9.74;;
2021,3,17,10,10.73;;
2021,3,17,11,11.44;;
2021,3,17,12,11.9;;
2021,3,17,13,12.14;;
2021,3,17,14,12.06;;
2021,3,17,15,11.81;;
2021,3,17,16,11.28;;
2021,3,17,17,10.23;;
2021,3,17,18,9.19;;
2021,3,17,19,8.93;;
2021,3,17,20,8.66;;
2021,3,17,21,8.4;;
2021,3,17,22,8.14;;
2021,3,17,23,7.69;;
2021,3,18,0,6.99;;
2021,3,18,1,6.5;;
2021,3,18,2,6.12;;
2021,3,18,3,5.99;;
2021,3,18,4,5.84;;
2021,3,18,5,5.58;;
2021,3,18,6,5.6;;
2021,3,18,7,6.84;;
2021,3,18,8,7.77;;
2021,3,18,9,8.73;;
2021,3,18,10,9.23;;
2021,3,18,11,9.33;;
2021,3,18,12,9.29;;
2021,3,18,13,9.23;;
2021,3,18,14,9.15;;
2021,3,18,15,9.02;;
2021,3,18,16,8.84;;
2021,3,18,17,8.09;;
2021,3,18,18,7.32;;
2021,3,18,19,7.17;;
2021,3,18,20,7.15;;
2021,3,18,21,7.15;;
2021,3,18,22,6.59;;
2021,3,18,23,5.8;;
2021,3,19,0,5.23;;
2021,3,19,1,4.92;;
2021,3,19,2,4.7;;
2021,3,19,3,4.61;;
2021,3,19,4,4.51;;
2021,3,19,5,4.39;;
2021,3,19,6,4.47;;
2021,3,19,7,5.08;;
2021,3,19,8,5.62;;
2021,3,19,9,6.3;;
2021,3,19,10,7.1;;
2021,3,19,11,7.79;;
2021,3,19,12,8.22;;
2021,3,19,13,8.44;;
2021,3,19,14,8.36;;
2021,3,19,15,8.12;;
2021,3,19,16,7.91;;
2021,3,19,17,7.4;;
2021,3,19,18,7.08;;
2021,3,19,19,6.9;;
2021,3,19,20,6.48;;
2021,3,19,21,5.93;;
2021,3,19,22,5.54;;
2021,3,19,23,5.23;;
2021,3,20,0,4.97;;
2021,3,20,1,4.8;;
2021,3,20,2,4.76;;
2021,3,20,3,4.51;;
2021,3,20,4,4.34;;
2021,3,20,5,3.87;;
2021,3,20,6,3.87;;
2021,3,20,7,5.65;;
2021,3,20,8,6.3;;
2021,3,20,9,6.64;;
2021,3,20,10,7.31;;
2021,3,20,11,7.92;;
2021,3,20,12,8.51;;
2021,3,20,13,8.91;;
2021,3,20,14,9.0;;
2021,3,20,15,8.88;;
2021,3,20,16,8.51;;
2021,3,20,17,7.43;;
2021,3,20,18,6.32;;
2021,3,20,19,6.23;;
2021,3,20,20,5.69;;
2021,3,20,21,5.18;;
2021,3,20,22,4.9;;
2021,3,20,23,4.59;;
2021,3,21,0,3.87;;
2021,3,21,1,3.3;;
2021,3,21,2,2.9;;
2021,3,21,3,2.48;;
2021,3,21,4,2.01;;
2021,3,21,5,1.55;;
2021,3,21,6,1.62;;
2021,3,21,7,3.49;;
2021,3,21,8,4.73;;
2021,3,21,9,5.72;;
2021,3,21,10,6.48;;
2021,3,21,11,7.08;;
2021,3,21,12,7.59;;
2021,3,21,13,7.97;;
2021,3,21,14,8.08;;
2021,3,21,15,8.14;;
2021,3,21,16,8.31;;
2021,3,21,17,8.01;;
2021,3,21,18,7.48;;
2021,3,21,19,7.02;;
2021,3,21,20,6.4;;
2021,3,21,21,5.95;;
2021,3,21,22,5.84;;
2021,3,21,23,5.85;;
2021,3,22,0,5.82;;
2021,3,22,1,5.76;;
2021,3,22,2,5.63;;
2021,3,22,3,5.53;;
2021,3,22,4,5.57;;
2021,3,22,5,5.64;;
2021,3,22,6,5.97;;
2021,3,22,7,7.24;;
2021,3,22,8,8.83;;
2021,3,22,9,10.61;;
2021,3,22,10,11.39;;
2021,3,22,11,11.88;;
2021,3,22,12,12.26;;
2021,3,22,13,12.4;;
2021,3,22,14,12.3;;
2021,3,22,15,12.18;;
2021,3,22,16,11.81;;
2021,3,22,17,10.62;;
2021,3,22,18,9.22;;
2021,3,22,19,8.46;;
2021,3,22,20,7.87;;
2021,3,22,21,7.3;;
2021,3,22,22,6.75;;
2021,3,22,23,6.44;;
2021,3,23,0,6.4;;
2021,3,23,1,6.44;;
2021,3,23,2,6.58;;
2021,3,23,3,6.42;;
2021,3,23,4,6.29;;
2021,3,23,5,6.23;;
2021,3,23,6,6.79;;
2021,3,23,7,7.76;;
2021,3,23,8,8.81;;
2021,3,23,9,9.69;;
2021,3,23,10,10.31;;
2021,3,23,11,10.87;;
2021,3,23,12,11.39;;
2021,3,23,13,11.79;;
2021,3,23,14,12.02;;
2021,3,23,15,12.0;;
2021,3,23,16,11.69;;
2021,3,23,17,10.54;;
2021,3,23,18,8.94;;
2021,3,23,19,8.43;;
2021,3,23,20,7.98;;
2021,3,23,21,7.5;;
2021,3,23,22,7.07;;
2021,3,23,23,6.89;;
2021,3,24,0,7.01;;
2021,3,24,1,7.17;;
2021,3,24,2,7.08;;
2021,3,24,3,6.41;;
2021,3,24,4,5.62;;
2021,3,24,5,5.12;;
2021,3,24,6,5.41;;
2021,3,24,7,7.56;;
2021,3,24,8,9.15;;
2021,3,24,9,10.67;;
2021,3,24,10,11.9;;
2021,3,24,11,12.7;;
2021,3,24,12,13.13;;
2021,3,24,13,13.39;;
2021,3,24,14,13.43;;
2021,3,24,15,13.22;;
2021,3,24,16,12.82;;
2021,3,24,17,11.55;;
2021,3,24,18,9.69;;
2021,3,24,19,9.19;;
2021,3,24,20,8.97;;
2021,3,24,21,8.84;;
2021,3,24,22,8.8;;
2021,3,24,23,8.8;;
2021,3,25,0,8.8;;
2021,3,25,1,8.33;;
2021,3,25,2,7.47;;
2021,3,25,3,6.68;;
2021,3,25,4,6.15;;
2021,3,25,5,5.82;;
2021,3,25,6,6.3;;
2021,3,25,7,8.25;;
2021,3,25,8,9.54;;
2021,3,25,9,10.89;;
2021,3,25,10,11.91;;
2021,3,25,11,12.62;;
2021,3,25,12,13.17;;
2021,3,25,13,13.53;;
2021,3,25,14,13.69;;
2021,3,25,15,13.65;;
2021,3,25,16,13.4;;
2021,3,25,17,12.33;;
2021,3,25,18,10.6;;
2021,3,25,19,9.95;;
2021,3,25,20,9.56;;
2021,3,25,21,9.39;;
2021,3,25,22,9.46;;
2021,3,25,23,9.48;;
2021,3,26,0,9.29;;
2021,3,26,1,8.97;;
2021,3,26,2,8.41;;
2021,3,26,3,7.89;;
2021,3,26,4,7.46;;
2021,3,26,5,7.3;;
2021,3,26,6,7.67;;
2021,3,26,7,9.22;;
2021,3,26,8,10.45;;
2021,3,26,9,11.89;;
2021,3,26,10,13.12;;
2021,3,26,11,14.02;;
2021,3,26,12,14.52;;
2021,3,26,13,14.74;;
2021,3,26,14,14.73;;
2021,3,26,15,14.5;;
2021,3,26,16,14.01;;
2021,3,26,17,12.72;;
2021,3,26,18,10.83;;
2021,3,26,19,10.05;;
2021,3,26,20,9.52;;
2021,3,26,21,9.23;;
2021,3,26,22,9.37;;
2021,3,26,23,9.74;;
2021,3,27,0,9.64;;
2021,3,27,1,9.45;;
2021,3,27,2,9.34;;
2021,3,27,3,9.31;;
2021,3,27,4,9.19;;
2021,3,27,5,9.14;;
2021,3,27,6,9.43;;
2021,3,27,7,10.73;;
2021,3,27,8,12.04;;
2021,3,27,9,13.21;;
2021,3,27,10,13.83;;
2021,3,27,11,14.25;;
2021,3,27,12,14.73;;
2021,3,27,13,14.89;;
2021,3,27,14,14.99;;
2021,3,27,15,14.76;;
2021,3,27,16,14.36;;
2021,3,27,17,13.38;;
2021,3,27,18,11.85;;
2021,3,27,19,11.22;;
2021,3,27,20,10.75;;
2021,3,27,21,10.44;;
2021,3,27,22,10.47;;
2021,3,27,23,10.71;;
2021,3,28,0,11.04;;
2021,3,28,1,11.38;;
2021,3,28,2,11.47;;
2021,3,28,3,11.19;;
2021,3,28,4,10.81;;
2021,3,28,5,10.26;;
2021,3,28,6,10.41;;
2021,3,28,7,11.75;;
2021,3,28,8,12.76;;
2021,3,28,9,13.59;;
2021,3,28,10,14.26;;
2021,3,28,11,14.62;;
2021,3,28,12,14.86;;
2021,3,28,13,15.05;;
2021,3,28,14,15.01;;
2021,3,28,15,15.05;;
2021,3,28,16,14.8;;
2021,3,28,17,13.78;;
2021,3,28,18,12.12;;
2021,3,28,19,11.52;;
2021,3,28,20,11.22;;
2021,3,28,21,11.05;;
2021,3,28,22,11.26;;
2021,3,28,23,11.51;;
2021,3,29,0,11.44;;
2021,3,29,1,11.32;;
2021,3,29,2,11.26;;
2021,3,29,3,11.12;;
2021,3,29,4,10.65;;
2021,3,29,5,10.08;;
2021,3,29,6,9.9;;
2021,3,29,7,10.87;;
2021,3,29,8,11.85;;
2021,3,29,9,13.21;;
2021,3,29,10,14.56;;
2021,3,29,11,15.65;;
2021,3,29,12,16.3;;
2021,3,29,13,16.8;;
2021,3,29,14,17.12;;
2021,3,29,15,17.19;;
2021,3,29,16,16.98;;
2021,3,29,17,16.01;;
2021,3,29,18,14.65;;
2021,3,29,19,14.12;;
2021,3,29,20,13.9;;
2021,3,29,21,13.69;;
2021,3,29,22,13.29;;
2021,3,29,23,12.98;;
2021,3,30,0,12.71;;
2021,3,30,1,12.39;;
2021,3,30,2,12.1;;
2021,3,30,3,11.64;;
2021,3,30,4,11.22;;
2021,3,30,5,10.89;;
2021,3,30,6,11.12;;
2021,3,30,7,12.65;;
2021,3,30,8,14.06;;
2021,3,30,9,15.3;;
2021,3,30,10,16.12;;
2021,3,30,11,17.31;;
2021,3,30,12,18.44;;
2021,3,30,13,19.59;;
2021,3,30,14,20.05;;
2021,3,30,15,20.01;;
2021,3,30,16,19.68;;
2021,3,30,17,18.9;;
2021,3,30,18,17.79;;
2021,3,30,19,17.03;;
2021,3,30,20,16.43;;
2021,3,30,21,15.81;;
2021,3,30,22,15.35;;
2021,3,30,23,14.87;;
2021,3,31,0,14.57;;
2021,3,31,1,14.33;;
2021,3,31,2,14.05;;
2021,3,31,3,13.6;;
2021,3,31,4,13.15;;
2021,3,31,5,12.66;;
2021,3,31,6,12.73;;
2021,3,31,7,14.51;;
2021,3,31,8,15.73;;
2021,3,31,9,16.95;;
2021,3,31,10,18.31;;
2021,3,31,11,19.55;;
2021,3,31,12,20.32;;
2021,3,31,13,20.7;;
2021,3,31,14,20.88;;
2021,3,31,15,20.81;;
2021,3,31,16,20.5;;
2021,3,31,17,19.38;;
2021,3,31,18,17.61;;
2021,3,31,19,16.51;;
2021,3,31,20,15.77;;
2021,3,31,21,15.26;;
2021,3,31,22,15.01;;
2021,3,31,23,14.82;;
2021,4,1,0,14.87;;
