YEAR,MO,DY,HR,T2M;
2015,1,1,1,0.77;
2015,1,1,2,1.14;
2015,1,1,3,1.55;
2015,1,1,4,1.77;
2015,1,1,5,1.9;
2015,1,1,6,2.05;
2015,1,1,7,2.35;
2015,1,1,8,2.79;
2015,1,1,9,3.53;
2015,1,1,10,4.04;
2015,1,1,11,4.44;
2015,1,1,12,4.76;
2015,1,1,13,4.86;
2015,1,1,14,4.67;
2015,1,1,15,4.06;
2015,1,1,16,3.43;
2015,1,1,17,3.34;
2015,1,1,18,3.41;
2015,1,1,19,3.54;
2015,1,1,20,3.65;
2015,1,1,21,3.89;
2015,1,1,22,4.02;
2015,1,1,23,4.01;
2015,1,2,0,4.17;
2015,1,2,1,4.46;
2015,1,2,2,4.92;
2015,1,2,3,5.15;
2015,1,2,4,4.97;
2015,1,2,5,4.62;
2015,1,2,6,4.28;
2015,1,2,7,4.08;
2015,1,2,8,4.13;
2015,1,2,9,4.48;
2015,1,2,10,4.9;
2015,1,2,11,5.5;
2015,1,2,12,6.26;
2015,1,2,13,6.53;
2015,1,2,14,6.3;
2015,1,2,15,5.54;
2015,1,2,16,4.93;
2015,1,2,17,4.91;
2015,1,2,18,4.94;
2015,1,2,19,4.84;
2015,1,2,20,4.6;
2015,1,2,21,4.51;
2015,1,2,22,4.41;
2015,1,2,23,4.35;
2015,1,3,0,4.12;
2015,1,3,1,3.98;
2015,1,3,2,3.76;
2015,1,3,3,3.44;
2015,1,3,4,3.43;
2015,1,3,5,3.72;
2015,1,3,6,4.0;
2015,1,3,7,4.16;
2015,1,3,8,4.81;
2015,1,3,9,6.48;
2015,1,3,10,7.94;
2015,1,3,11,8.78;
2015,1,3,12,9.12;
2015,1,3,13,9.08;
2015,1,3,14,8.57;
2015,1,3,15,7.58;
2015,1,3,16,7.34;
2015,1,3,17,7.31;
2015,1,3,18,7.16;
2015,1,3,19,6.85;
2015,1,3,20,6.49;
2015,1,3,21,5.91;
2015,1,3,22,5.06;
2015,1,3,23,4.19;
2015,1,4,0,3.98;
2015,1,4,1,4.12;
2015,1,4,2,3.91;
2015,1,4,3,3.43;
2015,1,4,4,2.86;
2015,1,4,5,2.84;
2015,1,4,6,3.12;
2015,1,4,7,4.62;
2015,1,4,8,6.33;
2015,1,4,9,7.96;
2015,1,4,10,9.05;
2015,1,4,11,9.96;
2015,1,4,12,10.57;
2015,1,4,13,10.87;
2015,1,4,14,10.88;
2015,1,4,15,10.12;
2015,1,4,16,8.05;
2015,1,4,17,6.79;
2015,1,4,18,6.19;
2015,1,4,19,5.75;
2015,1,4,20,5.37;
2015,1,4,21,4.92;
2015,1,4,22,4.57;
2015,1,4,23,4.3;
2015,1,5,0,4.13;
2015,1,5,1,4.04;
2015,1,5,2,4.02;
2015,1,5,3,4.22;
2015,1,5,4,4.91;
2015,1,5,5,5.72;
2015,1,5,6,6.01;
2015,1,5,7,5.72;
2015,1,5,8,5.81;
2015,1,5,9,7.06;
2015,1,5,10,8.4;
2015,1,5,11,8.83;
2015,1,5,12,8.83;
2015,1,5,13,8.75;
2015,1,5,14,8.44;
2015,1,5,15,7.28;
2015,1,5,16,5.82;
2015,1,5,17,5.4;
2015,1,5,18,5.37;
2015,1,5,19,5.43;
2015,1,5,20,4.98;
2015,1,5,21,4.37;
2015,1,5,22,4.12;
2015,1,5,23,4.23;
2015,1,6,0,4.38;
2015,1,6,1,4.49;
2015,1,6,2,4.65;
2015,1,6,3,4.75;
2015,1,6,4,4.59;
2015,1,6,5,4.26;
2015,1,6,6,4.2;
2015,1,6,7,4.23;
2015,1,6,8,5.03;
2015,1,6,9,6.7;
2015,1,6,10,7.7;
2015,1,6,11,8.18;
2015,1,6,12,8.51;
2015,1,6,13,8.72;
2015,1,6,14,8.69;
2015,1,6,15,7.75;
2015,1,6,16,6.52;
2015,1,6,17,6.11;
2015,1,6,18,5.91;
2015,1,6,19,5.73;
2015,1,6,20,5.69;
2015,1,6,21,5.9;
2015,1,6,22,5.8;
2015,1,6,23,5.65;
2015,1,7,0,5.76;
2015,1,7,1,5.83;
2015,1,7,2,5.89;
2015,1,7,3,5.96;
2015,1,7,4,6.01;
2015,1,7,5,6.01;
2015,1,7,6,5.93;
2015,1,7,7,5.82;
2015,1,7,8,6.18;
2015,1,7,9,7.3;
2015,1,7,10,7.99;
2015,1,7,11,8.45;
2015,1,7,12,8.87;
2015,1,7,13,9.12;
2015,1,7,14,9.2;
2015,1,7,15,8.73;
2015,1,7,16,7.7;
2015,1,7,17,7.26;
2015,1,7,18,7.02;
2015,1,7,19,6.89;
2015,1,7,20,6.73;
2015,1,7,21,6.62;
2015,1,7,22,6.43;
2015,1,7,23,6.31;
2015,1,8,0,6.26;
2015,1,8,1,6.26;
2015,1,8,2,6.35;
2015,1,8,3,6.44;
2015,1,8,4,6.51;
2015,1,8,5,6.49;
2015,1,8,6,6.19;
2015,1,8,7,5.81;
2015,1,8,8,5.82;
2015,1,8,9,6.48;
2015,1,8,10,7.25;
2015,1,8,11,7.96;
2015,1,8,12,8.27;
2015,1,8,13,8.3;
2015,1,8,14,8.05;
2015,1,8,15,7.24;
2015,1,8,16,5.56;
2015,1,8,17,4.83;
2015,1,8,18,4.73;
2015,1,8,19,4.8;
2015,1,8,20,4.84;
2015,1,8,21,4.84;
2015,1,8,22,4.77;
2015,1,8,23,4.65;
2015,1,9,0,4.63;
2015,1,9,1,4.62;
2015,1,9,2,4.47;
2015,1,9,3,4.26;
2015,1,9,4,4.08;
2015,1,9,5,4.01;
2015,1,9,6,4.06;
2015,1,9,7,4.16;
2015,1,9,8,4.4;
2015,1,9,9,4.59;
2015,1,9,10,4.43;
2015,1,9,11,4.34;
2015,1,9,12,4.36;
2015,1,9,13,4.47;
2015,1,9,14,4.53;
2015,1,9,15,4.48;
2015,1,9,16,4.18;
2015,1,9,17,4.01;
2015,1,9,18,4.16;
2015,1,9,19,4.31;
2015,1,9,20,4.32;
2015,1,9,21,4.53;
2015,1,9,22,4.91;
2015,1,9,23,5.02;
2015,1,10,0,5.16;
2015,1,10,1,5.23;
2015,1,10,2,5.35;
2015,1,10,3,5.44;
2015,1,10,4,5.31;
2015,1,10,5,5.06;
2015,1,10,6,4.79;
2015,1,10,7,4.55;
2015,1,10,8,4.77;
2015,1,10,9,5.4;
2015,1,10,10,5.98;
2015,1,10,11,6.76;
2015,1,10,12,7.52;
2015,1,10,13,8.3;
2015,1,10,14,8.89;
2015,1,10,15,8.73;
2015,1,10,16,7.8;
2015,1,10,17,7.94;
2015,1,10,18,8.37;
2015,1,10,19,8.84;
2015,1,10,20,9.1;
2015,1,10,21,9.25;
2015,1,10,22,9.17;
2015,1,10,23,8.98;
2015,1,11,0,8.75;
2015,1,11,1,8.46;
2015,1,11,2,8.19;
2015,1,11,3,7.94;
2015,1,11,4,7.56;
2015,1,11,5,7.16;
2015,1,11,6,6.94;
2015,1,11,7,6.76;
2015,1,11,8,6.87;
2015,1,11,9,7.07;
2015,1,11,10,7.58;
2015,1,11,11,8.28;
2015,1,11,12,9.01;
2015,1,11,13,9.77;
2015,1,11,14,10.12;
2015,1,11,15,9.77;
2015,1,11,16,8.34;
2015,1,11,17,7.69;
2015,1,11,18,7.48;
2015,1,11,19,7.28;
2015,1,11,20,7.08;
2015,1,11,21,6.92;
2015,1,11,22,6.45;
2015,1,11,23,6.07;
2015,1,12,0,6.14;
2015,1,12,1,6.76;
2015,1,12,2,7.53;
2015,1,12,3,7.74;
2015,1,12,4,6.86;
2015,1,12,5,5.65;
2015,1,12,6,4.81;
2015,1,12,7,4.4;
2015,1,12,8,4.94;
2015,1,12,9,6.28;
2015,1,12,10,7.85;
2015,1,12,11,8.49;
2015,1,12,12,9.03;
2015,1,12,13,9.66;
2015,1,12,14,9.53;
2015,1,12,15,8.68;
2015,1,12,16,7.3;
2015,1,12,17,6.92;
2015,1,12,18,6.86;
2015,1,12,19,6.7;
2015,1,12,20,6.43;
2015,1,12,21,6.08;
2015,1,12,22,5.75;
2015,1,12,23,5.51;
2015,1,13,0,5.25;
2015,1,13,1,5.26;
2015,1,13,2,5.08;
2015,1,13,3,4.82;
2015,1,13,4,4.62;
2015,1,13,5,4.24;
2015,1,13,6,3.97;
2015,1,13,7,3.85;
2015,1,13,8,4.29;
2015,1,13,9,5.2;
2015,1,13,10,5.78;
2015,1,13,11,6.63;
2015,1,13,12,7.32;
2015,1,13,13,7.89;
2015,1,13,14,8.3;
2015,1,13,15,7.86;
2015,1,13,16,6.95;
2015,1,13,17,6.83;
2015,1,13,18,6.9;
2015,1,13,19,6.73;
2015,1,13,20,6.56;
2015,1,13,21,6.47;
2015,1,13,22,6.54;
2015,1,13,23,6.49;
2015,1,14,0,6.48;
2015,1,14,1,6.42;
2015,1,14,2,6.17;
2015,1,14,3,5.75;
2015,1,14,4,5.36;
2015,1,14,5,5.08;
2015,1,14,6,4.84;
2015,1,14,7,4.54;
2015,1,14,8,4.65;
2015,1,14,9,5.01;
2015,1,14,10,5.34;
2015,1,14,11,5.86;
2015,1,14,12,6.94;
2015,1,14,13,7.94;
2015,1,14,14,8.38;
2015,1,14,15,8.15;
2015,1,14,16,7.62;
2015,1,14,17,7.33;
2015,1,14,18,7.27;
2015,1,14,19,7.02;
2015,1,14,20,6.75;
2015,1,14,21,6.53;
2015,1,14,22,6.04;
2015,1,14,23,5.38;
2015,1,15,0,5.5;
2015,1,15,1,5.57;
2015,1,15,2,5.69;
2015,1,15,3,5.94;
2015,1,15,4,6.12;
2015,1,15,5,6.21;
2015,1,15,6,6.26;
2015,1,15,7,6.23;
2015,1,15,8,6.48;
2015,1,15,9,6.82;
2015,1,15,10,7.04;
2015,1,15,11,7.42;
2015,1,15,12,7.82;
2015,1,15,13,8.12;
2015,1,15,14,8.15;
2015,1,15,15,7.88;
2015,1,15,16,7.48;
2015,1,15,17,7.37;
2015,1,15,18,7.3;
2015,1,15,19,7.1;
2015,1,15,20,7.0;
2015,1,15,21,7.04;
2015,1,15,22,6.94;
2015,1,15,23,6.81;
2015,1,16,0,7.01;
2015,1,16,1,7.06;
2015,1,16,2,7.08;
2015,1,16,3,6.86;
2015,1,16,4,6.43;
2015,1,16,5,6.31;
2015,1,16,6,6.26;
2015,1,16,7,6.38;
2015,1,16,8,7.05;
2015,1,16,9,8.2;
2015,1,16,10,9.0;
2015,1,16,11,9.55;
2015,1,16,12,10.07;
2015,1,16,13,10.3;
2015,1,16,14,10.24;
2015,1,16,15,9.9;
2015,1,16,16,9.25;
2015,1,16,17,9.06;
2015,1,16,18,9.06;
2015,1,16,19,9.17;
2015,1,16,20,9.46;
2015,1,16,21,9.69;
2015,1,16,22,9.8;
2015,1,16,23,9.81;
2015,1,17,0,10.0;
2015,1,17,1,10.32;
2015,1,17,2,10.34;
2015,1,17,3,10.13;
2015,1,17,4,10.05;
2015,1,17,5,9.69;
2015,1,17,6,9.23;
2015,1,17,7,9.0;
2015,1,17,8,9.65;
2015,1,17,9,10.68;
2015,1,17,10,11.26;
2015,1,17,11,11.55;
2015,1,17,12,11.69;
2015,1,17,13,11.94;
2015,1,17,14,11.86;
2015,1,17,15,11.36;
2015,1,17,16,10.93;
2015,1,17,17,10.41;
2015,1,17,18,9.37;
2015,1,17,19,8.49;
2015,1,17,20,7.86;
2015,1,17,21,7.55;
2015,1,17,22,7.32;
2015,1,17,23,7.08;
2015,1,18,0,6.81;
2015,1,18,1,6.68;
2015,1,18,2,6.67;
2015,1,18,3,6.61;
2015,1,18,4,6.69;
2015,1,18,5,6.27;
2015,1,18,6,5.97;
2015,1,18,7,5.58;
2015,1,18,8,5.94;
2015,1,18,9,7.44;
2015,1,18,10,8.4;
2015,1,18,11,9.31;
2015,1,18,12,10.08;
2015,1,18,13,10.53;
2015,1,18,14,10.6;
2015,1,18,15,10.28;
2015,1,18,16,9.57;
2015,1,18,17,9.07;
2015,1,18,18,8.47;
2015,1,18,19,7.94;
2015,1,18,20,7.1;
2015,1,18,21,6.18;
2015,1,18,22,5.57;
2015,1,18,23,5.28;
2015,1,19,0,5.1;
2015,1,19,1,5.02;
2015,1,19,2,4.98;
2015,1,19,3,4.94;
2015,1,19,4,4.84;
2015,1,19,5,4.73;
2015,1,19,6,4.66;
2015,1,19,7,4.66;
2015,1,19,8,5.46;
2015,1,19,9,7.28;
2015,1,19,10,8.15;
2015,1,19,11,8.74;
2015,1,19,12,9.12;
2015,1,19,13,9.35;
2015,1,19,14,9.3;
2015,1,19,15,8.9;
2015,1,19,16,8.35;
2015,1,19,17,7.98;
2015,1,19,18,7.78;
2015,1,19,19,7.37;
2015,1,19,20,6.64;
2015,1,19,21,5.88;
2015,1,19,22,5.61;
2015,1,19,23,5.61;
2015,1,20,0,5.65;
2015,1,20,1,5.72;
2015,1,20,2,5.79;
2015,1,20,3,5.82;
2015,1,20,4,5.76;
2015,1,20,5,5.65;
2015,1,20,6,5.55;
2015,1,20,7,5.44;
2015,1,20,8,5.78;
2015,1,20,9,6.57;
2015,1,20,10,7.12;
2015,1,20,11,7.52;
2015,1,20,12,7.93;
2015,1,20,13,8.12;
2015,1,20,14,8.15;
2015,1,20,15,7.8;
2015,1,20,16,7.2;
2015,1,20,17,7.07;
2015,1,20,18,7.13;
2015,1,20,19,7.07;
2015,1,20,20,6.73;
2015,1,20,21,6.4;
2015,1,20,22,6.25;
2015,1,20,23,6.16;
2015,1,21,0,6.05;
2015,1,21,1,5.87;
2015,1,21,2,5.69;
2015,1,21,3,5.55;
2015,1,21,4,5.32;
2015,1,21,5,5.15;
2015,1,21,6,5.07;
2015,1,21,7,4.98;
2015,1,21,8,5.8;
2015,1,21,9,7.25;
2015,1,21,10,8.03;
2015,1,21,11,8.45;
2015,1,21,12,8.72;
2015,1,21,13,8.94;
2015,1,21,14,9.0;
2015,1,21,15,8.69;
2015,1,21,16,8.06;
2015,1,21,17,8.02;
2015,1,21,18,8.15;
2015,1,21,19,8.13;
2015,1,21,20,8.0;
2015,1,21,21,7.75;
2015,1,21,22,7.49;
2015,1,21,23,7.29;
2015,1,22,0,7.08;
2015,1,22,1,6.9;
2015,1,22,2,6.95;
2015,1,22,3,7.13;
2015,1,22,4,7.33;
2015,1,22,5,7.4;
2015,1,22,6,7.37;
2015,1,22,7,7.32;
2015,1,22,8,7.35;
2015,1,22,9,7.41;
2015,1,22,10,7.61;
2015,1,22,11,8.07;
2015,1,22,12,8.58;
2015,1,22,13,8.95;
2015,1,22,14,9.13;
2015,1,22,15,8.97;
2015,1,22,16,8.22;
2015,1,22,17,7.96;
2015,1,22,18,7.88;
2015,1,22,19,7.7;
2015,1,22,20,7.44;
2015,1,22,21,7.22;
2015,1,22,22,6.98;
2015,1,22,23,6.76;
2015,1,23,0,6.62;
2015,1,23,1,6.63;
2015,1,23,2,6.59;
2015,1,23,3,6.46;
2015,1,23,4,6.21;
2015,1,23,5,5.97;
2015,1,23,6,5.78;
2015,1,23,7,5.73;
2015,1,23,8,6.62;
2015,1,23,9,7.81;
2015,1,23,10,8.62;
2015,1,23,11,9.57;
2015,1,23,12,10.51;
2015,1,23,13,10.9;
2015,1,23,14,10.78;
2015,1,23,15,10.15;
2015,1,23,16,9.36;
2015,1,23,17,8.99;
2015,1,23,18,8.8;
2015,1,23,19,8.48;
2015,1,23,20,7.95;
2015,1,23,21,7.31;
2015,1,23,22,7.01;
2015,1,23,23,7.06;
2015,1,24,0,6.98;
2015,1,24,1,6.85;
2015,1,24,2,6.7;
2015,1,24,3,6.54;
2015,1,24,4,6.41;
2015,1,24,5,6.42;
2015,1,24,6,6.48;
2015,1,24,7,6.65;
2015,1,24,8,7.38;
2015,1,24,9,8.8;
2015,1,24,10,9.92;
2015,1,24,11,10.85;
2015,1,24,12,11.36;
2015,1,24,13,11.54;
2015,1,24,14,11.49;
2015,1,24,15,11.14;
2015,1,24,16,10.37;
2015,1,24,17,9.56;
2015,1,24,18,9.26;
2015,1,24,19,8.38;
2015,1,24,20,7.13;
2015,1,24,21,6.65;
2015,1,24,22,6.58;
2015,1,24,23,6.72;
2015,1,25,0,7.19;
2015,1,25,1,7.19;
2015,1,25,2,6.4;
2015,1,25,3,5.65;
2015,1,25,4,5.2;
2015,1,25,5,5.05;
2015,1,25,6,5.3;
2015,1,25,7,5.69;
2015,1,25,8,6.44;
2015,1,25,9,7.87;
2015,1,25,10,8.94;
2015,1,25,11,9.51;
2015,1,25,12,9.8;
2015,1,25,13,9.88;
2015,1,25,14,9.71;
2015,1,25,15,9.03;
2015,1,25,16,7.37;
2015,1,25,17,6.42;
2015,1,25,18,6.11;
2015,1,25,19,5.73;
2015,1,25,20,5.46;
2015,1,25,21,5.13;
2015,1,25,22,4.9;
2015,1,25,23,4.61;
2015,1,26,0,4.38;
2015,1,26,1,4.27;
2015,1,26,2,4.31;
2015,1,26,3,4.33;
2015,1,26,4,4.24;
2015,1,26,5,3.92;
2015,1,26,6,3.65;
2015,1,26,7,3.31;
2015,1,26,8,4.16;
2015,1,26,9,5.76;
2015,1,26,10,6.76;
2015,1,26,11,7.55;
2015,1,26,12,7.85;
2015,1,26,13,7.98;
2015,1,26,14,7.92;
2015,1,26,15,7.49;
2015,1,26,16,6.36;
2015,1,26,17,5.67;
2015,1,26,18,5.5;
2015,1,26,19,5.44;
2015,1,26,20,5.44;
2015,1,26,21,5.45;
2015,1,26,22,5.4;
2015,1,26,23,4.96;
2015,1,27,0,4.62;
2015,1,27,1,4.46;
2015,1,27,2,4.42;
2015,1,27,3,4.64;
2015,1,27,4,4.81;
2015,1,27,5,4.77;
2015,1,27,6,4.62;
2015,1,27,7,4.54;
2015,1,27,8,4.72;
2015,1,27,9,5.72;
2015,1,27,10,6.47;
2015,1,27,11,7.02;
2015,1,27,12,7.35;
2015,1,27,13,7.49;
2015,1,27,14,7.51;
2015,1,27,15,7.3;
2015,1,27,16,6.7;
2015,1,27,17,6.14;
2015,1,27,18,5.53;
2015,1,27,19,5.09;
2015,1,27,20,4.83;
2015,1,27,21,4.67;
2015,1,27,22,4.53;
2015,1,27,23,4.61;
2015,1,28,0,4.65;
2015,1,28,1,4.32;
2015,1,28,2,4.07;
2015,1,28,3,3.94;
2015,1,28,4,3.8;
2015,1,28,5,3.67;
2015,1,28,6,3.55;
2015,1,28,7,3.54;
2015,1,28,8,4.4;
2015,1,28,9,5.94;
2015,1,28,10,6.9;
2015,1,28,11,7.69;
2015,1,28,12,8.01;
2015,1,28,13,8.12;
2015,1,28,14,8.01;
2015,1,28,15,7.48;
2015,1,28,16,6.01;
2015,1,28,17,5.08;
2015,1,28,18,4.75;
2015,1,28,19,4.44;
2015,1,28,20,4.1;
2015,1,28,21,3.68;
2015,1,28,22,3.46;
2015,1,28,23,3.54;
2015,1,29,0,3.45;
2015,1,29,1,3.23;
2015,1,29,2,3.08;
2015,1,29,3,3.23;
2015,1,29,4,3.26;
2015,1,29,5,3.21;
2015,1,29,6,3.16;
2015,1,29,7,3.27;
2015,1,29,8,3.37;
2015,1,29,9,3.85;
2015,1,29,10,4.9;
2015,1,29,11,5.86;
2015,1,29,12,6.37;
2015,1,29,13,6.49;
2015,1,29,14,6.38;
2015,1,29,15,5.9;
2015,1,29,16,5.12;
2015,1,29,17,4.71;
2015,1,29,18,4.6;
2015,1,29,19,4.62;
2015,1,29,20,4.74;
2015,1,29,21,4.76;
2015,1,29,22,4.65;
2015,1,29,23,4.62;
2015,1,30,0,4.71;
2015,1,30,1,4.67;
2015,1,30,2,4.68;
2015,1,30,3,4.84;
2015,1,30,4,4.78;
2015,1,30,5,4.54;
2015,1,30,6,4.36;
2015,1,30,7,4.24;
2015,1,30,8,4.37;
2015,1,30,9,4.78;
2015,1,30,10,4.84;
2015,1,30,11,4.51;
2015,1,30,12,4.64;
2015,1,30,13,5.15;
2015,1,30,14,5.15;
2015,1,30,15,4.62;
2015,1,30,16,4.2;
2015,1,30,17,4.37;
2015,1,30,18,3.91;
2015,1,30,19,3.83;
2015,1,30,20,3.3;
2015,1,30,21,3.1;
2015,1,30,22,3.12;
2015,1,30,23,3.49;
2015,1,31,0,3.69;
2015,1,31,1,3.47;
2015,1,31,2,3.19;
2015,1,31,3,2.94;
2015,1,31,4,2.66;
2015,1,31,5,2.58;
2015,1,31,6,2.53;
2015,1,31,7,2.63;
2015,1,31,8,4.12;
2015,1,31,9,5.6;
2015,1,31,10,6.52;
2015,1,31,11,7.26;
2015,1,31,12,7.76;
2015,1,31,13,8.09;
2015,1,31,14,8.15;
2015,1,31,15,7.69;
2015,1,31,16,6.19;
2015,1,31,17,5.21;
2015,1,31,18,4.89;
2015,1,31,19,4.73;
2015,1,31,20,4.59;
2015,1,31,21,4.43;
2015,1,31,22,4.37;
2015,1,31,23,4.28;
2015,2,1,0,4.19;
2015,2,1,1,4.33;
2015,2,1,2,4.24;
2015,2,1,3,4.12;
2015,2,1,4,3.94;
2015,2,1,5,3.7;
2015,2,1,6,3.53;
2015,2,1,7,3.46;
2015,2,1,8,3.97;
2015,2,1,9,5.05;
2015,2,1,10,5.52;
2015,2,1,11,5.89;
2015,2,1,12,6.19;
2015,2,1,13,6.16;
2015,2,1,14,6.05;
2015,2,1,15,5.76;
2015,2,1,16,5.01;
2015,2,1,17,4.46;
2015,2,1,18,4.31;
2015,2,1,19,4.41;
2015,2,1,20,4.39;
2015,2,1,21,4.12;
2015,2,1,22,4.26;
2015,2,1,23,4.48;
2015,2,2,0,4.59;
2015,2,2,1,4.54;
2015,2,2,2,4.43;
2015,2,2,3,4.44;
2015,2,2,4,4.37;
2015,2,2,5,4.16;
2015,2,2,6,3.96;
2015,2,2,7,3.79;
2015,2,2,8,4.48;
2015,2,2,9,5.69;
2015,2,2,10,6.12;
2015,2,2,11,6.23;
2015,2,2,12,6.35;
2015,2,2,13,6.51;
2015,2,2,14,6.6;
2015,2,2,15,6.41;
2015,2,2,16,5.77;
2015,2,2,17,5.26;
2015,2,2,18,5.0;
2015,2,2,19,4.58;
2015,2,2,20,4.2;
2015,2,2,21,3.9;
2015,2,2,22,3.7;
2015,2,2,23,3.44;
2015,2,3,0,3.16;
2015,2,3,1,3.08;
2015,2,3,2,3.06;
2015,2,3,3,3.08;
2015,2,3,4,3.12;
2015,2,3,5,3.16;
2015,2,3,6,3.35;
2015,2,3,7,3.79;
2015,2,3,8,4.49;
2015,2,3,9,5.08;
2015,2,3,10,5.6;
2015,2,3,11,6.05;
2015,2,3,12,6.33;
2015,2,3,13,6.37;
2015,2,3,14,6.31;
2015,2,3,15,6.06;
2015,2,3,16,5.21;
2015,2,3,17,4.37;
2015,2,3,18,4.2;
2015,2,3,19,4.18;
2015,2,3,20,4.24;
2015,2,3,21,4.43;
2015,2,3,22,4.69;
2015,2,3,23,4.73;
2015,2,4,0,4.49;
2015,2,4,1,4.19;
2015,2,4,2,4.13;
2015,2,4,3,4.05;
2015,2,4,4,3.82;
2015,2,4,5,3.83;
2015,2,4,6,4.11;
2015,2,4,7,4.25;
2015,2,4,8,4.51;
2015,2,4,9,5.05;
2015,2,4,10,5.74;
2015,2,4,11,6.49;
2015,2,4,12,6.93;
2015,2,4,13,7.16;
2015,2,4,14,7.19;
2015,2,4,15,6.87;
2015,2,4,16,6.2;
2015,2,4,17,5.56;
2015,2,4,18,5.37;
2015,2,4,19,5.12;
2015,2,4,20,4.82;
2015,2,4,21,4.59;
2015,2,4,22,4.44;
2015,2,4,23,4.33;
2015,2,5,0,4.16;
2015,2,5,1,3.88;
2015,2,5,2,3.65;
2015,2,5,3,3.37;
2015,2,5,4,3.12;
2015,2,5,5,3.14;
2015,2,5,6,3.15;
2015,2,5,7,2.87;
2015,2,5,8,2.43;
2015,2,5,9,2.34;
2015,2,5,10,2.4;
2015,2,5,11,2.58;
2015,2,5,12,2.76;
2015,2,5,13,2.98;
2015,2,5,14,3.55;
2015,2,5,15,3.3;
2015,2,5,16,3.76;
2015,2,5,17,3.61;
2015,2,5,18,3.48;
2015,2,5,19,3.55;
2015,2,5,20,3.34;
2015,2,5,21,2.9;
2015,2,5,22,3.28;
2015,2,5,23,3.8;
2015,2,6,0,3.87;
2015,2,6,1,3.8;
2015,2,6,2,3.66;
2015,2,6,3,3.57;
2015,2,6,4,3.63;
2015,2,6,5,3.9;
2015,2,6,6,4.13;
2015,2,6,7,4.22;
2015,2,6,8,4.26;
2015,2,6,9,4.12;
2015,2,6,10,3.97;
2015,2,6,11,4.15;
2015,2,6,12,4.47;
2015,2,6,13,4.59;
2015,2,6,14,4.54;
2015,2,6,15,4.32;
2015,2,6,16,4.03;
2015,2,6,17,3.86;
2015,2,6,18,3.9;
2015,2,6,19,3.8;
2015,2,6,20,3.55;
2015,2,6,21,3.28;
2015,2,6,22,3.08;
2015,2,6,23,2.89;
2015,2,7,0,2.8;
2015,2,7,1,2.69;
2015,2,7,2,2.56;
2015,2,7,3,2.44;
2015,2,7,4,2.25;
2015,2,7,5,2.17;
2015,2,7,6,2.08;
2015,2,7,7,2.06;
2015,2,7,8,2.79;
2015,2,7,9,3.39;
2015,2,7,10,3.9;
2015,2,7,11,4.48;
2015,2,7,12,5.0;
2015,2,7,13,5.48;
2015,2,7,14,5.8;
2015,2,7,15,5.83;
2015,2,7,16,4.91;
2015,2,7,17,3.84;
2015,2,7,18,3.43;
2015,2,7,19,3.01;
2015,2,7,20,2.68;
2015,2,7,21,2.56;
2015,2,7,22,2.75;
2015,2,7,23,3.08;
2015,2,8,0,3.37;
2015,2,8,1,3.2;
2015,2,8,2,2.86;
2015,2,8,3,2.51;
2015,2,8,4,2.19;
2015,2,8,5,2.37;
2015,2,8,6,2.53;
2015,2,8,7,2.62;
2015,2,8,8,3.49;
2015,2,8,9,4.51;
2015,2,8,10,5.56;
2015,2,8,11,6.41;
2015,2,8,12,7.67;
2015,2,8,13,8.16;
2015,2,8,14,8.32;
2015,2,8,15,7.98;
2015,2,8,16,6.54;
2015,2,8,17,5.02;
2015,2,8,18,4.4;
2015,2,8,19,3.98;
2015,2,8,20,3.65;
2015,2,8,21,3.31;
2015,2,8,22,2.76;
2015,2,8,23,2.1;
2015,2,9,0,1.76;
2015,2,9,1,1.89;
2015,2,9,2,2.17;
2015,2,9,3,2.19;
2015,2,9,4,1.94;
2015,2,9,5,1.6;
2015,2,9,6,1.45;
2015,2,9,7,1.7;
2015,2,9,8,3.39;
2015,2,9,9,4.61;
2015,2,9,10,5.4;
2015,2,9,11,5.8;
2015,2,9,12,6.1;
2015,2,9,13,6.3;
2015,2,9,14,6.36;
2015,2,9,15,6.03;
2015,2,9,16,4.82;
2015,2,9,17,3.29;
2015,2,9,18,2.8;
2015,2,9,19,2.59;
2015,2,9,20,2.8;
2015,2,9,21,3.17;
2015,2,9,22,3.47;
2015,2,9,23,3.59;
2015,2,10,0,3.69;
2015,2,10,1,3.83;
2015,2,10,2,3.94;
2015,2,10,3,3.92;
2015,2,10,4,4.08;
2015,2,10,5,4.28;
2015,2,10,6,4.28;
2015,2,10,7,4.3;
2015,2,10,8,5.77;
2015,2,10,9,7.37;
2015,2,10,10,8.25;
2015,2,10,11,8.78;
2015,2,10,12,9.16;
2015,2,10,13,9.76;
2015,2,10,14,9.73;
2015,2,10,15,9.2;
2015,2,10,16,7.91;
2015,2,10,17,6.79;
2015,2,10,18,6.38;
2015,2,10,19,5.85;
2015,2,10,20,5.3;
2015,2,10,21,4.87;
2015,2,10,22,4.75;
2015,2,10,23,4.92;
2015,2,11,0,5.2;
2015,2,11,1,5.52;
2015,2,11,2,5.83;
2015,2,11,3,6.04;
2015,2,11,4,5.98;
2015,2,11,5,5.64;
2015,2,11,6,5.26;
2015,2,11,7,5.12;
2015,2,11,8,6.32;
2015,2,11,9,7.55;
2015,2,11,10,8.67;
2015,2,11,11,9.63;
2015,2,11,12,10.24;
2015,2,11,13,10.58;
2015,2,11,14,10.69;
2015,2,11,15,10.48;
2015,2,11,16,9.4;
2015,2,11,17,8.34;
2015,2,11,18,8.07;
2015,2,11,19,7.9;
2015,2,11,20,7.49;
2015,2,11,21,6.58;
2015,2,11,22,5.8;
2015,2,11,23,5.26;
2015,2,12,0,4.84;
2015,2,12,1,4.47;
2015,2,12,2,4.12;
2015,2,12,3,3.83;
2015,2,12,4,3.56;
2015,2,12,5,3.36;
2015,2,12,6,3.27;
2015,2,12,7,3.69;
2015,2,12,8,5.33;
2015,2,12,9,6.21;
2015,2,12,10,6.8;
2015,2,12,11,7.39;
2015,2,12,12,7.93;
2015,2,12,13,8.34;
2015,2,12,14,8.55;
2015,2,12,15,8.54;
2015,2,12,16,7.92;
2015,2,12,17,7.36;
2015,2,12,18,7.22;
2015,2,12,19,7.01;
2015,2,12,20,6.63;
2015,2,12,21,6.05;
2015,2,12,22,5.47;
2015,2,12,23,5.11;
2015,2,13,0,4.88;
2015,2,13,1,4.75;
2015,2,13,2,4.67;
2015,2,13,3,4.67;
2015,2,13,4,4.62;
2015,2,13,5,4.51;
2015,2,13,6,4.42;
2015,2,13,7,4.47;
2015,2,13,8,5.53;
2015,2,13,9,6.25;
2015,2,13,10,6.82;
2015,2,13,11,7.19;
2015,2,13,12,7.48;
2015,2,13,13,7.65;
2015,2,13,14,7.62;
2015,2,13,15,7.42;
2015,2,13,16,6.79;
2015,2,13,17,5.93;
2015,2,13,18,5.71;
2015,2,13,19,5.68;
2015,2,13,20,5.68;
2015,2,13,21,5.65;
2015,2,13,22,5.65;
2015,2,13,23,5.66;
2015,2,14,0,5.6;
2015,2,14,1,5.52;
2015,2,14,2,5.5;
2015,2,14,3,5.52;
2015,2,14,4,5.37;
2015,2,14,5,5.15;
2015,2,14,6,5.03;
2015,2,14,7,5.12;
2015,2,14,8,5.69;
2015,2,14,9,6.09;
2015,2,14,10,6.33;
2015,2,14,11,6.73;
2015,2,14,12,7.15;
2015,2,14,13,7.6;
2015,2,14,14,8.04;
2015,2,14,15,8.25;
2015,2,14,16,7.79;
2015,2,14,17,7.04;
2015,2,14,18,6.97;
2015,2,14,19,6.97;
2015,2,14,20,6.93;
2015,2,14,21,6.8;
2015,2,14,22,6.9;
2015,2,14,23,7.0;
2015,2,15,0,7.05;
2015,2,15,1,7.04;
2015,2,15,2,6.94;
2015,2,15,3,6.81;
2015,2,15,4,6.76;
2015,2,15,5,6.71;
2015,2,15,6,6.61;
2015,2,15,7,6.81;
2015,2,15,8,8.4;
2015,2,15,9,9.42;
2015,2,15,10,10.18;
2015,2,15,11,10.64;
2015,2,15,12,10.83;
2015,2,15,13,10.81;
2015,2,15,14,10.63;
2015,2,15,15,10.26;
2015,2,15,16,9.42;
2015,2,15,17,8.44;
2015,2,15,18,8.16;
2015,2,15,19,8.0;
2015,2,15,20,7.76;
2015,2,15,21,7.41;
2015,2,15,22,7.19;
2015,2,15,23,7.0;
2015,2,16,0,6.82;
2015,2,16,1,6.66;
2015,2,16,2,6.53;
2015,2,16,3,6.38;
2015,2,16,4,6.26;
2015,2,16,5,6.12;
2015,2,16,6,6.0;
2015,2,16,7,6.3;
2015,2,16,8,7.55;
2015,2,16,9,8.75;
2015,2,16,10,9.73;
2015,2,16,11,10.38;
2015,2,16,12,10.87;
2015,2,16,13,11.15;
2015,2,16,14,11.19;
2015,2,16,15,10.92;
2015,2,16,16,9.98;
2015,2,16,17,8.47;
2015,2,16,18,7.97;
2015,2,16,19,7.42;
2015,2,16,20,6.83;
2015,2,16,21,6.28;
2015,2,16,22,5.91;
2015,2,16,23,5.73;
2015,2,17,0,5.49;
2015,2,17,1,5.27;
2015,2,17,2,5.29;
2015,2,17,3,5.3;
2015,2,17,4,5.27;
2015,2,17,5,5.3;
2015,2,17,6,5.15;
2015,2,17,7,5.62;
2015,2,17,8,7.44;
2015,2,17,9,8.55;
2015,2,17,10,9.13;
2015,2,17,11,9.66;
2015,2,17,12,10.13;
2015,2,17,13,10.44;
2015,2,17,14,10.52;
2015,2,17,15,10.29;
2015,2,17,16,9.3;
2015,2,17,17,7.55;
2015,2,17,18,6.8;
2015,2,17,19,6.2;
2015,2,17,20,5.61;
2015,2,17,21,5.01;
2015,2,17,22,4.54;
2015,2,17,23,4.23;
2015,2,18,0,3.96;
2015,2,18,1,3.7;
2015,2,18,2,3.48;
2015,2,18,3,3.3;
2015,2,18,4,3.1;
2015,2,18,5,2.9;
2015,2,18,6,2.74;
2015,2,18,7,3.21;
2015,2,18,8,4.83;
2015,2,18,9,5.77;
2015,2,18,10,6.49;
2015,2,18,11,7.22;
2015,2,18,12,7.87;
2015,2,18,13,8.41;
2015,2,18,14,8.75;
2015,2,18,15,8.76;
2015,2,18,16,7.98;
2015,2,18,17,6.82;
2015,2,18,18,6.45;
2015,2,18,19,5.78;
2015,2,18,20,4.76;
2015,2,18,21,3.89;
2015,2,18,22,3.37;
2015,2,18,23,3.07;
2015,2,19,0,2.89;
2015,2,19,1,2.87;
2015,2,19,2,3.13;
2015,2,19,3,3.59;
2015,2,19,4,3.82;
2015,2,19,5,3.74;
2015,2,19,6,3.62;
2015,2,19,7,3.83;
2015,2,19,8,5.26;
2015,2,19,9,6.38;
2015,2,19,10,7.05;
2015,2,19,11,7.58;
2015,2,19,12,8.12;
2015,2,19,13,8.49;
2015,2,19,14,8.73;
2015,2,19,15,8.67;
2015,2,19,16,7.87;
2015,2,19,17,6.5;
2015,2,19,18,6.03;
2015,2,19,19,5.8;
2015,2,19,20,5.58;
2015,2,19,21,5.38;
2015,2,19,22,5.19;
2015,2,19,23,5.06;
2015,2,20,0,5.01;
2015,2,20,1,4.95;
2015,2,20,2,4.65;
2015,2,20,3,4.41;
2015,2,20,4,4.22;
2015,2,20,5,4.19;
2015,2,20,6,4.03;
2015,2,20,7,4.05;
2015,2,20,8,4.74;
2015,2,20,9,6.08;
2015,2,20,10,7.19;
2015,2,20,11,7.94;
2015,2,20,12,8.52;
2015,2,20,13,8.9;
2015,2,20,14,9.01;
2015,2,20,15,8.83;
2015,2,20,16,8.05;
2015,2,20,17,6.83;
2015,2,20,18,6.56;
2015,2,20,19,6.46;
2015,2,20,20,6.33;
2015,2,20,21,6.04;
2015,2,20,22,5.58;
2015,2,20,23,5.15;
2015,2,21,0,4.85;
2015,2,21,1,4.73;
2015,2,21,2,4.69;
2015,2,21,3,4.75;
2015,2,21,4,4.98;
2015,2,21,5,4.85;
2015,2,21,6,4.81;
2015,2,21,7,5.05;
2015,2,21,8,6.16;
2015,2,21,9,7.07;
2015,2,21,10,7.87;
2015,2,21,11,8.58;
2015,2,21,12,8.95;
2015,2,21,13,9.17;
2015,2,21,14,9.34;
2015,2,21,15,9.32;
2015,2,21,16,8.69;
2015,2,21,17,7.62;
2015,2,21,18,7.25;
2015,2,21,19,7.26;
2015,2,21,20,7.21;
2015,2,21,21,7.06;
2015,2,21,22,6.89;
2015,2,21,23,6.92;
2015,2,22,0,6.8;
2015,2,22,1,6.51;
2015,2,22,2,6.45;
2015,2,22,3,6.45;
2015,2,22,4,6.44;
2015,2,22,5,6.47;
2015,2,22,6,6.55;
2015,2,22,7,6.56;
2015,2,22,8,6.31;
2015,2,22,9,6.15;
2015,2,22,10,6.18;
2015,2,22,11,6.76;
2015,2,22,12,7.53;
2015,2,22,13,8.11;
2015,2,22,14,8.5;
2015,2,22,15,8.7;
2015,2,22,16,8.6;
2015,2,22,17,8.15;
2015,2,22,18,7.87;
2015,2,22,19,7.8;
2015,2,22,20,7.69;
2015,2,22,21,7.54;
2015,2,22,22,7.37;
2015,2,22,23,7.21;
2015,2,23,0,7.07;
2015,2,23,1,6.96;
2015,2,23,2,6.84;
2015,2,23,3,6.66;
2015,2,23,4,6.41;
2015,2,23,5,6.1;
2015,2,23,6,5.76;
2015,2,23,7,6.12;
2015,2,23,8,7.36;
2015,2,23,9,8.12;
2015,2,23,10,8.74;
2015,2,23,11,9.3;
2015,2,23,12,9.67;
2015,2,23,13,9.83;
2015,2,23,14,9.88;
2015,2,23,15,9.83;
2015,2,23,16,9.37;
2015,2,23,17,8.12;
2015,2,23,18,7.76;
2015,2,23,19,7.7;
2015,2,23,20,7.76;
2015,2,23,21,7.8;
2015,2,23,22,7.72;
2015,2,23,23,7.58;
2015,2,24,0,7.43;
2015,2,24,1,7.32;
2015,2,24,2,7.19;
2015,2,24,3,6.94;
2015,2,24,4,6.62;
2015,2,24,5,6.45;
2015,2,24,6,6.45;
2015,2,24,7,6.75;
2015,2,24,8,7.81;
2015,2,24,9,8.39;
2015,2,24,10,8.88;
2015,2,24,11,9.1;
2015,2,24,12,9.24;
2015,2,24,13,9.3;
2015,2,24,14,9.28;
2015,2,24,15,9.19;
2015,2,24,16,8.81;
2015,2,24,17,8.19;
2015,2,24,18,7.74;
2015,2,24,19,7.73;
2015,2,24,20,7.76;
2015,2,24,21,7.56;
2015,2,24,22,7.33;
2015,2,24,23,6.94;
2015,2,25,0,6.5;
2015,2,25,1,6.15;
2015,2,25,2,5.95;
2015,2,25,3,5.87;
2015,2,25,4,5.94;
2015,2,25,5,6.09;
2015,2,25,6,6.2;
2015,2,25,7,6.51;
2015,2,25,8,7.21;
2015,2,25,9,8.12;
2015,2,25,10,8.9;
2015,2,25,11,9.55;
2015,2,25,12,10.05;
2015,2,25,13,10.4;
2015,2,25,14,10.53;
2015,2,25,15,10.37;
2015,2,25,16,9.81;
2015,2,25,17,8.99;
2015,2,25,18,8.48;
2015,2,25,19,7.98;
2015,2,25,20,7.44;
2015,2,25,21,6.77;
2015,2,25,22,6.28;
2015,2,25,23,6.21;
2015,2,26,0,6.4;
2015,2,26,1,6.58;
2015,2,26,2,6.65;
2015,2,26,3,6.64;
2015,2,26,4,6.62;
2015,2,26,5,6.58;
2015,2,26,6,6.56;
2015,2,26,7,6.73;
2015,2,26,8,7.75;
2015,2,26,9,8.71;
2015,2,26,10,9.23;
2015,2,26,11,9.84;
2015,2,26,12,10.28;
2015,2,26,13,10.53;
2015,2,26,14,10.69;
2015,2,26,15,10.66;
2015,2,26,16,10.23;
2015,2,26,17,9.33;
2015,2,26,18,8.84;
2015,2,26,19,8.26;
2015,2,26,20,8.03;
2015,2,26,21,8.08;
2015,2,26,22,7.73;
2015,2,26,23,7.06;
2015,2,27,0,6.63;
2015,2,27,1,6.28;
2015,2,27,2,5.85;
2015,2,27,3,5.58;
2015,2,27,4,5.36;
2015,2,27,5,5.18;
2015,2,27,6,5.05;
2015,2,27,7,5.79;
2015,2,27,8,7.14;
2015,2,27,9,7.99;
2015,2,27,10,8.86;
2015,2,27,11,9.63;
2015,2,27,12,10.3;
2015,2,27,13,10.82;
2015,2,27,14,11.14;
2015,2,27,15,11.11;
2015,2,27,16,10.64;
2015,2,27,17,9.49;
2015,2,27,18,8.89;
2015,2,27,19,8.66;
2015,2,27,20,8.43;
2015,2,27,21,8.28;
2015,2,27,22,8.47;
2015,2,27,23,8.3;
2015,2,28,0,7.48;
2015,2,28,1,6.56;
2015,2,28,2,6.14;
2015,2,28,3,5.9;
2015,2,28,4,5.79;
2015,2,28,5,5.77;
2015,2,28,6,5.87;
2015,2,28,7,6.8;
2015,2,28,8,8.21;
2015,2,28,9,9.01;
2015,2,28,10,9.67;
2015,2,28,11,10.33;
2015,2,28,12,10.91;
2015,2,28,13,11.27;
2015,2,28,14,11.42;
2015,2,28,15,11.4;
2015,2,28,16,10.91;
2015,2,28,17,9.91;
2015,2,28,18,9.45;
2015,2,28,19,9.07;
2015,2,28,20,8.88;
2015,2,28,21,8.39;
2015,2,28,22,8.07;
2015,2,28,23,7.55;
2015,3,1,0,7.24;
2015,3,1,1,7.06;
2015,3,1,2,6.76;
2015,3,1,3,6.69;
2015,3,1,4,6.73;
2015,3,1,5,6.53;
2015,3,1,6,6.37;
2015,3,1,7,6.53;
2015,3,1,8,7.29;
2015,3,1,9,8.11;
2015,3,1,10,8.77;
2015,3,1,11,9.19;
2015,3,1,12,9.81;
2015,3,1,13,10.49;
2015,3,1,14,10.94;
2015,3,1,15,11.08;
2015,3,1,16,10.59;
2015,3,1,17,9.24;
2015,3,1,18,8.67;
2015,3,1,19,8.4;
2015,3,1,20,8.16;
2015,3,1,21,7.96;
2015,3,1,22,7.64;
2015,3,1,23,7.26;
2015,3,2,0,7.0;
2015,3,2,1,7.05;
2015,3,2,2,7.22;
2015,3,2,3,7.17;
2015,3,2,4,7.12;
2015,3,2,5,7.05;
2015,3,2,6,6.96;
2015,3,2,7,6.94;
2015,3,2,8,7.13;
2015,3,2,9,7.33;
2015,3,2,10,7.51;
2015,3,2,11,7.73;
2015,3,2,12,8.26;
2015,3,2,13,8.8;
2015,3,2,14,9.06;
2015,3,2,15,9.17;
2015,3,2,16,9.31;
2015,3,2,17,8.51;
2015,3,2,18,7.91;
2015,3,2,19,8.23;
2015,3,2,20,8.42;
2015,3,2,21,8.07;
2015,3,2,22,7.47;
2015,3,2,23,7.0;
2015,3,3,0,6.67;
2015,3,3,1,6.23;
2015,3,3,2,5.93;
2015,3,3,3,5.98;
2015,3,3,4,6.44;
2015,3,3,5,6.58;
2015,3,3,6,6.37;
2015,3,3,7,7.3;
2015,3,3,8,9.06;
2015,3,3,9,10.23;
2015,3,3,10,11.27;
2015,3,3,11,11.86;
2015,3,3,12,12.15;
2015,3,3,13,12.24;
2015,3,3,14,12.19;
2015,3,3,15,11.9;
2015,3,3,16,11.22;
2015,3,3,17,9.85;
2015,3,3,18,9.49;
2015,3,3,19,9.41;
2015,3,3,20,9.51;
2015,3,3,21,9.26;
2015,3,3,22,8.54;
2015,3,3,23,7.59;
2015,3,4,0,6.82;
2015,3,4,1,6.37;
2015,3,4,2,6.3;
2015,3,4,3,6.34;
2015,3,4,4,6.37;
2015,3,4,5,6.37;
2015,3,4,6,6.42;
2015,3,4,7,7.05;
2015,3,4,8,8.05;
2015,3,4,9,8.71;
2015,3,4,10,9.49;
2015,3,4,11,10.14;
2015,3,4,12,10.35;
2015,3,4,13,10.33;
2015,3,4,14,10.17;
2015,3,4,15,9.96;
2015,3,4,16,9.53;
2015,3,4,17,9.07;
2015,3,4,18,8.55;
2015,3,4,19,7.71;
2015,3,4,20,7.56;
2015,3,4,21,7.83;
2015,3,4,22,7.86;
2015,3,4,23,7.65;
2015,3,5,0,7.36;
2015,3,5,1,7.15;
2015,3,5,2,7.01;
2015,3,5,3,6.89;
2015,3,5,4,6.74;
2015,3,5,5,6.51;
2015,3,5,6,6.33;
2015,3,5,7,6.6;
2015,3,5,8,7.73;
2015,3,5,9,8.86;
2015,3,5,10,9.67;
2015,3,5,11,10.38;
2015,3,5,12,11.05;
2015,3,5,13,11.41;
2015,3,5,14,11.39;
2015,3,5,15,11.0;
2015,3,5,16,10.24;
2015,3,5,17,9.01;
2015,3,5,18,8.1;
2015,3,5,19,7.55;
2015,3,5,20,7.08;
2015,3,5,21,6.77;
2015,3,5,22,6.56;
2015,3,5,23,6.33;
2015,3,6,0,5.9;
2015,3,6,1,5.42;
2015,3,6,2,5.01;
2015,3,6,3,4.7;
2015,3,6,4,4.44;
2015,3,6,5,4.27;
2015,3,6,6,4.27;
2015,3,6,7,5.74;
2015,3,6,8,8.06;
2015,3,6,9,9.33;
2015,3,6,10,10.01;
2015,3,6,11,10.34;
2015,3,6,12,10.69;
2015,3,6,13,10.97;
2015,3,6,14,11.11;
2015,3,6,15,11.04;
2015,3,6,16,10.57;
2015,3,6,17,9.03;
2015,3,6,18,8.18;
2015,3,6,19,7.62;
2015,3,6,20,7.0;
2015,3,6,21,6.44;
2015,3,6,22,6.01;
2015,3,6,23,5.75;
2015,3,7,0,5.72;
2015,3,7,1,5.83;
2015,3,7,2,5.85;
2015,3,7,3,5.59;
2015,3,7,4,5.05;
2015,3,7,5,4.76;
2015,3,7,6,4.57;
2015,3,7,7,5.47;
2015,3,7,8,7.44;
2015,3,7,9,8.97;
2015,3,7,10,10.09;
2015,3,7,11,10.8;
2015,3,7,12,11.36;
2015,3,7,13,11.65;
2015,3,7,14,11.73;
2015,3,7,15,11.56;
2015,3,7,16,11.08;
2015,3,7,17,9.92;
2015,3,7,18,9.37;
2015,3,7,19,8.76;
2015,3,7,20,7.94;
2015,3,7,21,7.11;
2015,3,7,22,6.49;
2015,3,7,23,5.99;
2015,3,8,0,5.58;
2015,3,8,1,5.25;
2015,3,8,2,4.84;
2015,3,8,3,4.53;
2015,3,8,4,4.27;
2015,3,8,5,4.05;
2015,3,8,6,3.97;
2015,3,8,7,5.6;
2015,3,8,8,7.45;
2015,3,8,9,8.42;
2015,3,8,10,9.2;
2015,3,8,11,10.16;
2015,3,8,12,11.05;
2015,3,8,13,11.61;
2015,3,8,14,11.79;
2015,3,8,15,11.59;
2015,3,8,16,10.89;
2015,3,8,17,8.98;
2015,3,8,18,7.73;
2015,3,8,19,7.26;
2015,3,8,20,6.71;
2015,3,8,21,6.16;
2015,3,8,22,5.66;
2015,3,8,23,5.27;
2015,3,9,0,5.0;
2015,3,9,1,4.83;
2015,3,9,2,4.69;
2015,3,9,3,4.56;
2015,3,9,4,4.36;
2015,3,9,5,4.14;
2015,3,9,6,4.05;
2015,3,9,7,5.42;
2015,3,9,8,6.99;
2015,3,9,9,7.65;
2015,3,9,10,8.26;
2015,3,9,11,8.93;
2015,3,9,12,9.54;
2015,3,9,13,9.97;
2015,3,9,14,10.18;
2015,3,9,15,10.15;
2015,3,9,16,9.97;
2015,3,9,17,9.49;
2015,3,9,18,9.33;
2015,3,9,19,8.97;
2015,3,9,20,8.37;
2015,3,9,21,7.49;
2015,3,9,22,6.76;
2015,3,9,23,6.28;
2015,3,10,0,5.92;
2015,3,10,1,5.77;
2015,3,10,2,5.8;
2015,3,10,3,5.83;
2015,3,10,4,5.68;
2015,3,10,5,5.32;
2015,3,10,6,5.01;
2015,3,10,7,6.17;
2015,3,10,8,8.05;
2015,3,10,9,9.3;
2015,3,10,10,10.22;
2015,3,10,11,11.08;
2015,3,10,12,11.65;
2015,3,10,13,12.08;
2015,3,10,14,12.42;
2015,3,10,15,12.44;
2015,3,10,16,11.98;
2015,3,10,17,10.74;
2015,3,10,18,9.95;
2015,3,10,19,9.58;
2015,3,10,20,9.19;
2015,3,10,21,8.71;
2015,3,10,22,8.33;
2015,3,10,23,8.1;
2015,3,11,0,7.99;
2015,3,11,1,8.02;
2015,3,11,2,8.04;
2015,3,11,3,8.26;
2015,3,11,4,8.26;
2015,3,11,5,8.13;
2015,3,11,6,7.9;
2015,3,11,7,8.22;
2015,3,11,8,9.12;
2015,3,11,9,10.99;
2015,3,11,10,12.55;
2015,3,11,11,13.29;
2015,3,11,12,13.65;
2015,3,11,13,13.74;
2015,3,11,14,13.69;
2015,3,11,15,13.48;
2015,3,11,16,12.78;
2015,3,11,17,11.13;
2015,3,11,18,10.08;
2015,3,11,19,9.65;
2015,3,11,20,9.37;
2015,3,11,21,8.69;
2015,3,11,22,8.1;
2015,3,11,23,7.46;
2015,3,12,0,6.85;
2015,3,12,1,6.32;
2015,3,12,2,5.99;
2015,3,12,3,5.94;
2015,3,12,4,6.1;
2015,3,12,5,6.22;
2015,3,12,6,6.25;
2015,3,12,7,7.3;
2015,3,12,8,9.42;
2015,3,12,9,10.68;
2015,3,12,10,11.36;
2015,3,12,11,11.81;
2015,3,12,12,12.19;
2015,3,12,13,12.49;
2015,3,12,14,12.76;
2015,3,12,15,12.77;
2015,3,12,16,12.15;
2015,3,12,17,10.38;
2015,3,12,18,9.19;
2015,3,12,19,8.87;
2015,3,12,20,8.65;
2015,3,12,21,8.38;
2015,3,12,22,8.19;
2015,3,12,23,8.09;
2015,3,13,0,8.0;
2015,3,13,1,8.08;
2015,3,13,2,8.07;
2015,3,13,3,7.68;
2015,3,13,4,7.22;
2015,3,13,5,6.8;
2015,3,13,6,6.59;
2015,3,13,7,7.36;
2015,3,13,8,9.04;
2015,3,13,9,10.14;
2015,3,13,10,10.76;
2015,3,13,11,11.12;
2015,3,13,12,11.35;
2015,3,13,13,11.29;
2015,3,13,14,11.08;
2015,3,13,15,10.87;
2015,3,13,16,10.37;
2015,3,13,17,9.01;
2015,3,13,18,7.9;
2015,3,13,19,7.66;
2015,3,13,20,7.63;
2015,3,13,21,7.72;
2015,3,13,22,7.58;
2015,3,13,23,7.22;
2015,3,14,0,6.79;
2015,3,14,1,6.42;
2015,3,14,2,6.16;
2015,3,14,3,6.01;
2015,3,14,4,5.87;
2015,3,14,5,5.69;
2015,3,14,6,5.61;
2015,3,14,7,6.62;
2015,3,14,8,7.44;
2015,3,14,9,8.11;
2015,3,14,10,8.78;
2015,3,14,11,9.48;
2015,3,14,12,10.19;
2015,3,14,13,10.58;
2015,3,14,14,10.8;
2015,3,14,15,10.75;
2015,3,14,16,10.44;
2015,3,14,17,9.37;
2015,3,14,18,8.58;
2015,3,14,19,8.38;
2015,3,14,20,8.31;
2015,3,14,21,8.12;
2015,3,14,22,7.76;
2015,3,14,23,7.33;
2015,3,15,0,6.85;
2015,3,15,1,6.37;
2015,3,15,2,5.92;
2015,3,15,3,5.6;
2015,3,15,4,5.39;
2015,3,15,5,5.33;
2015,3,15,6,5.49;
2015,3,15,7,6.85;
2015,3,15,8,7.94;
2015,3,15,9,8.99;
2015,3,15,10,9.96;
2015,3,15,11,10.81;
2015,3,15,12,11.43;
2015,3,15,13,11.71;
2015,3,15,14,11.79;
2015,3,15,15,11.61;
2015,3,15,16,11.05;
2015,3,15,17,9.97;
2015,3,15,18,9.37;
2015,3,15,19,9.25;
2015,3,15,20,9.2;
2015,3,15,21,8.92;
2015,3,15,22,8.58;
2015,3,15,23,8.29;
2015,3,16,0,8.13;
2015,3,16,1,8.33;
2015,3,16,2,8.3;
2015,3,16,3,8.16;
2015,3,16,4,8.05;
2015,3,16,5,7.94;
2015,3,16,6,7.92;
2015,3,16,7,8.05;
2015,3,16,8,8.26;
2015,3,16,9,8.62;
2015,3,16,10,8.96;
2015,3,16,11,9.19;
2015,3,16,12,9.38;
2015,3,16,13,9.5;
2015,3,16,14,9.52;
2015,3,16,15,9.48;
2015,3,16,16,9.3;
2015,3,16,17,9.01;
2015,3,16,18,8.8;
2015,3,16,19,8.64;
2015,3,16,20,8.45;
2015,3,16,21,8.28;
2015,3,16,22,8.28;
2015,3,16,23,8.44;
2015,3,17,0,8.73;
2015,3,17,1,9.05;
2015,3,17,2,9.25;
2015,3,17,3,9.36;
2015,3,17,4,9.34;
2015,3,17,5,9.14;
2015,3,17,6,8.97;
2015,3,17,7,9.39;
2015,3,17,8,10.15;
2015,3,17,9,10.94;
2015,3,17,10,11.63;
2015,3,17,11,12.08;
2015,3,17,12,12.33;
2015,3,17,13,12.49;
2015,3,17,14,12.59;
2015,3,17,15,12.44;
2015,3,17,16,11.86;
2015,3,17,17,10.9;
2015,3,17,18,10.18;
2015,3,17,19,9.94;
2015,3,17,20,9.62;
2015,3,17,21,9.11;
2015,3,17,22,8.57;
2015,3,17,23,8.22;
2015,3,18,0,8.0;
2015,3,18,1,7.8;
2015,3,18,2,7.57;
2015,3,18,3,7.43;
2015,3,18,4,7.11;
2015,3,18,5,6.64;
2015,3,18,6,6.33;
2015,3,18,7,7.8;
2015,3,18,8,9.07;
2015,3,18,9,10.4;
2015,3,18,10,11.8;
2015,3,18,11,12.73;
2015,3,18,12,13.2;
2015,3,18,13,13.52;
2015,3,18,14,13.73;
2015,3,18,15,13.64;
2015,3,18,16,13.07;
2015,3,18,17,11.88;
2015,3,18,18,10.99;
2015,3,18,19,10.84;
2015,3,18,20,10.87;
2015,3,18,21,10.81;
2015,3,18,22,10.73;
2015,3,18,23,10.5;
2015,3,19,0,10.15;
2015,3,19,1,9.89;
2015,3,19,2,9.74;
2015,3,19,3,9.5;
2015,3,19,4,9.03;
2015,3,19,5,8.44;
2015,3,19,6,7.66;
2015,3,19,7,8.43;
2015,3,19,8,9.47;
2015,3,19,9,10.74;
2015,3,19,10,12.05;
2015,3,19,11,12.98;
2015,3,19,12,13.51;
2015,3,19,13,13.74;
2015,3,19,14,13.73;
2015,3,19,15,13.46;
2015,3,19,16,12.87;
2015,3,19,17,11.43;
2015,3,19,18,9.91;
2015,3,19,19,9.42;
2015,3,19,20,9.28;
2015,3,19,21,9.62;
2015,3,19,22,9.89;
2015,3,19,23,9.59;
2015,3,20,0,9.16;
2015,3,20,1,8.85;
2015,3,20,2,8.65;
2015,3,20,3,8.57;
2015,3,20,4,8.48;
2015,3,20,5,8.42;
2015,3,20,6,8.37;
2015,3,20,7,9.38;
2015,3,20,8,10.64;
2015,3,20,9,11.73;
2015,3,20,10,12.58;
2015,3,20,11,13.01;
2015,3,20,12,13.2;
2015,3,20,13,13.15;
2015,3,20,14,12.97;
2015,3,20,15,12.55;
2015,3,20,16,11.98;
2015,3,20,17,10.65;
2015,3,20,18,9.19;
2015,3,20,19,8.77;
2015,3,20,20,8.82;
2015,3,20,21,8.98;
2015,3,20,22,9.05;
2015,3,20,23,8.65;
2015,3,21,0,8.21;
2015,3,21,1,7.77;
2015,3,21,2,7.42;
2015,3,21,3,7.14;
2015,3,21,4,6.95;
2015,3,21,5,6.73;
2015,3,21,6,6.61;
2015,3,21,7,7.65;
2015,3,21,8,9.01;
2015,3,21,9,10.4;
2015,3,21,10,11.38;
2015,3,21,11,11.92;
2015,3,21,12,12.24;
2015,3,21,13,12.37;
2015,3,21,14,12.24;
2015,3,21,15,11.9;
2015,3,21,16,11.37;
2015,3,21,17,10.41;
2015,3,21,18,9.63;
2015,3,21,19,9.49;
2015,3,21,20,9.43;
2015,3,21,21,9.36;
2015,3,21,22,9.27;
2015,3,21,23,9.16;
2015,3,22,0,9.09;
2015,3,22,1,9.01;
2015,3,22,2,8.94;
2015,3,22,3,8.92;
2015,3,22,4,8.98;
2015,3,22,5,9.02;
2015,3,22,6,9.15;
2015,3,22,7,9.45;
2015,3,22,8,9.75;
2015,3,22,9,10.15;
2015,3,22,10,10.5;
2015,3,22,11,11.12;
2015,3,22,12,11.75;
2015,3,22,13,12.1;
2015,3,22,14,12.28;
2015,3,22,15,12.3;
2015,3,22,16,12.16;
2015,3,22,17,11.26;
2015,3,22,18,10.06;
2015,3,22,19,9.81;
2015,3,22,20,9.75;
2015,3,22,21,9.66;
2015,3,22,22,9.35;
2015,3,22,23,8.87;
2015,3,23,0,8.47;
2015,3,23,1,8.24;
2015,3,23,2,8.1;
2015,3,23,3,7.94;
2015,3,23,4,7.64;
2015,3,23,5,7.12;
2015,3,23,6,7.01;
2015,3,23,7,8.52;
2015,3,23,8,9.62;
2015,3,23,9,10.7;
2015,3,23,10,11.75;
2015,3,23,11,12.48;
2015,3,23,12,13.01;
2015,3,23,13,13.4;
2015,3,23,14,13.64;
2015,3,23,15,13.67;
2015,3,23,16,13.47;
2015,3,23,17,12.65;
2015,3,23,18,12.07;
2015,3,23,19,12.15;
2015,3,23,20,11.71;
2015,3,23,21,10.62;
2015,3,23,22,9.69;
2015,3,23,23,8.83;
2015,3,24,0,8.22;
2015,3,24,1,7.74;
2015,3,24,2,7.37;
2015,3,24,3,7.23;
2015,3,24,4,7.08;
2015,3,24,5,6.9;
2015,3,24,6,7.18;
2015,3,24,7,8.87;
2015,3,24,8,10.01;
2015,3,24,9,11.28;
2015,3,24,10,12.27;
2015,3,24,11,13.11;
2015,3,24,12,13.62;
2015,3,24,13,13.76;
2015,3,24,14,13.62;
2015,3,24,15,13.19;
2015,3,24,16,12.52;
2015,3,24,17,11.45;
2015,3,24,18,10.21;
2015,3,24,19,9.98;
2015,3,24,20,9.94;
2015,3,24,21,9.82;
2015,3,24,22,9.69;
2015,3,24,23,9.3;
2015,3,25,0,9.1;
2015,3,25,1,9.0;
2015,3,25,2,9.17;
2015,3,25,3,9.4;
2015,3,25,4,9.51;
2015,3,25,5,9.61;
2015,3,25,6,9.82;
2015,3,25,7,10.14;
2015,3,25,8,10.44;
2015,3,25,9,10.62;
2015,3,25,10,10.58;
2015,3,25,11,10.67;
2015,3,25,12,10.9;
2015,3,25,13,11.09;
2015,3,25,14,11.18;
2015,3,25,15,11.19;
2015,3,25,16,11.01;
2015,3,25,17,10.73;
2015,3,25,18,10.51;
2015,3,25,19,10.37;
2015,3,25,20,10.18;
2015,3,25,21,9.99;
2015,3,25,22,10.13;
2015,3,25,23,10.63;
2015,3,26,0,11.13;
2015,3,26,1,11.31;
2015,3,26,2,11.51;
2015,3,26,3,11.7;
2015,3,26,4,11.71;
2015,3,26,5,11.58;
2015,3,26,6,11.53;
2015,3,26,7,11.76;
2015,3,26,8,12.27;
2015,3,26,9,12.74;
2015,3,26,10,13.05;
2015,3,26,11,13.2;
2015,3,26,12,13.14;
2015,3,26,13,13.02;
2015,3,26,14,12.96;
2015,3,26,15,12.86;
2015,3,26,16,12.67;
2015,3,26,17,12.23;
2015,3,26,18,11.94;
2015,3,26,19,11.82;
2015,3,26,20,11.33;
2015,3,26,21,10.82;
2015,3,26,22,10.43;
2015,3,26,23,10.2;
2015,3,27,0,10.03;
2015,3,27,1,9.91;
2015,3,27,2,9.86;
2015,3,27,3,9.84;
2015,3,27,4,9.82;
2015,3,27,5,9.74;
2015,3,27,6,9.56;
2015,3,27,7,9.54;
2015,3,27,8,9.8;
2015,3,27,9,10.15;
2015,3,27,10,10.4;
2015,3,27,11,10.63;
2015,3,27,12,10.99;
2015,3,27,13,11.45;
2015,3,27,14,11.94;
2015,3,27,15,12.27;
2015,3,27,16,12.14;
2015,3,27,17,11.36;
2015,3,27,18,9.8;
2015,3,27,19,9.53;
2015,3,27,20,9.74;
2015,3,27,21,9.87;
2015,3,27,22,9.78;
2015,3,27,23,9.63;
2015,3,28,0,9.33;
2015,3,28,1,8.94;
2015,3,28,2,8.61;
2015,3,28,3,8.43;
2015,3,28,4,8.29;
2015,3,28,5,8.19;
2015,3,28,6,8.55;
2015,3,28,7,10.23;
2015,3,28,8,11.85;
2015,3,28,9,13.02;
2015,3,28,10,13.78;
2015,3,28,11,14.52;
2015,3,28,12,15.2;
2015,3,28,13,15.6;
2015,3,28,14,15.51;
2015,3,28,15,15.01;
2015,3,28,16,14.46;
2015,3,28,17,13.34;
2015,3,28,18,11.67;
2015,3,28,19,11.29;
2015,3,28,20,11.33;
2015,3,28,21,11.4;
2015,3,28,22,10.88;
2015,3,28,23,10.06;
2015,3,29,0,9.47;
2015,3,29,1,9.04;
2015,3,29,2,8.61;
2015,3,29,3,8.29;
2015,3,29,4,7.82;
2015,3,29,5,7.19;
2015,3,29,6,7.4;
2015,3,29,7,9.13;
2015,3,29,8,10.4;
2015,3,29,9,11.96;
2015,3,29,10,12.96;
2015,3,29,11,13.41;
2015,3,29,12,13.44;
2015,3,29,13,13.55;
2015,3,29,14,13.53;
2015,3,29,15,13.36;
2015,3,29,16,12.95;
2015,3,29,17,11.97;
2015,3,29,18,10.73;
2015,3,29,19,10.26;
2015,3,29,20,9.83;
2015,3,29,21,9.58;
2015,3,29,22,9.7;
2015,3,29,23,10.11;
2015,3,30,0,10.39;
2015,3,30,1,10.51;
2015,3,30,2,10.51;
2015,3,30,3,10.56;
2015,3,30,4,10.34;
2015,3,30,5,9.59;
2015,3,30,6,9.34;
2015,3,30,7,10.37;
2015,3,30,8,11.46;
2015,3,30,9,12.61;
2015,3,30,10,13.6;
2015,3,30,11,14.6;
2015,3,30,12,15.52;
2015,3,30,13,16.21;
2015,3,30,14,16.55;
2015,3,30,15,16.51;
2015,3,30,16,16.14;
2015,3,30,17,15.4;
2015,3,30,18,14.09;
2015,3,30,19,12.93;
2015,3,30,20,11.93;
2015,3,30,21,10.97;
2015,3,30,22,10.4;
2015,3,30,23,10.15;
2015,3,31,0,9.95;
2015,3,31,1,9.81;
2015,3,31,2,9.95;
2015,3,31,3,10.15;
2015,3,31,4,9.37;
2015,3,31,5,8.29;
2015,3,31,6,8.76;
2015,3,31,7,10.51;
2015,3,31,8,11.83;
2015,3,31,9,13.3;
2015,3,31,10,14.28;
2015,3,31,11,14.96;
2015,3,31,12,15.54;
2015,3,31,13,16.16;
2015,3,31,14,16.95;
2015,3,31,15,17.56;
2015,3,31,16,17.55;
2015,3,31,17,16.62;
2015,3,31,18,15.17;
2015,3,31,19,14.23;
2015,3,31,20,13.56;
2015,3,31,21,13.28;
2015,3,31,22,12.55;
2015,3,31,23,11.42;
2015,4,1,0,11.26;
